,Unnamed: 0.2,Unnamed: 0.1,Unnamed: 0,text,created_at,retweets,replies,likes,quote_count,place_id,author_id,username,author_followers,author_tweets,author_description,author_location,creatid_at_month,creatid_at_day,creatid_at_hour
84149,85662,2132,2090,水素バス (@ 東京駅 in 千代田区 東京都) https://t.co/v7NY5SbRKO,2021-01-20 03:56:34,0.0,0.0,0.0,0.0,28b9063fdce43645,2914899229.0,makuki3911,89.0,4014.0,やばいわよ！,,1,20,3
84150,85663,2133,2091,見送りわず (@ 東京駅 in 千代田区 東京都) https://t.co/IRhSyPRiei https://t.co/ILPslZW6Ei,2021-01-20 03:42:23,0.0,0.0,0.0,0.0,28b9063fdce43645,754196636.0,sakana189Rion13,1112.0,56324.0,房総に生息する釣りと呑みの鉄ライバー で稀に酔って乱れます🙇‍♂️183・9系/255系/房総特急/京葉線/ケヨ34/船釣り/東李苑/Aqours/黒澤ダイヤ/小宮有紗/SeintSnow/鹿角聖良/虹ヶ咲/朝香果林/三船栞子/鍾嵐珠/ Liella!/葉月恋/桜小路きな子/鈴原希実/酒/カメラ/EOS1DX・5D4,ヘルスプロモーション事業本部 水産技術開発部,1,20,3
84151,85664,2134,2092,I'm at グランスタ東京 - @gransta_jp in 千代田区 東京都 https://t.co/Joz9Gjrohg,2021-01-20 03:42:06,0.0,0.0,0.0,0.0,28b9063fdce43645,1524583459.0,AirRapid_HE433,3458.0,185397.0,モノを撮る時はサクッと円滑に。京成線/JR西/成田フライト/バンドリ121/ハチナイA2/グルミク14,❮SY13❯舞子公園(兵庫県 神戸市),1,20,3
84152,85665,2135,2093,I'm at 東京駅 in 千代田区 東京都 https://t.co/f3UNTJnfR0,2021-01-20 03:41:57,0.0,0.0,0.0,0.0,28b9063fdce43645,1881786662.0,tomono39,4495.0,258330.0,音楽と酒、初音ミクとちいかわ,電音部・PassCode,1,20,3
84153,85666,2136,2094,しごおわ！ (@ わかやま紀州館 in 千代田区 東京都) https://t.co/pioBn5anYw,2021-01-20 03:41:53,0.0,0.0,0.0,0.0,28b9063fdce43645,107058063.0,ami696,1569.0,244008.0,🍓凄くつぶやきますのでフォロー注意！🍴さわやか信者🍴ラルク·HYDE･VAMPS·清春･黒夢･SADS･hide･X JAPAN･BAROQUE等…趣味遠征☆リフォロが遅いので催促してください。ライヴに行かないと死にます。,Christmas Island,1,20,3
84154,85667,2137,2095,｢おとなの週末February 2021 No.223｣(講談社ビーシー)をば(σ・∀・)σｹﾞｯﾂ!! (@ book express in 千代田区 東京都) https://t.co/XCe6SbXED5,2021-01-20 03:41:52,0.0,0.0,0.0,0.0,28b9063fdce43645,97877512.0,SOCIO13385,2128.0,438540.0,ラーメンをはじめ麺類(但し冷麺を除く)と麦酒が好物の10年SOCIO(2012年時点)のＦＣ東京サポです。人生の半分を東京で過ごしております(@￣ρ￣@),生誕地横浜市中区→本籍地磯子区→生育地金沢区→中央区→墨田区,1,20,3
84155,85668,2138,2096,さあ、帰るよ！ (@ 東京駅 in 千代田区 東京都) https://t.co/WPzsS3oUsL,2021-01-20 03:41:51,0.0,0.0,0.0,0.0,28b9063fdce43645,60598210.0,earlsophia,655.0,94563.0,浦和レッズ原理主義指定席派／クラシック(BCJ：チェンバロ・オーボエ・合唱曲etc.) ／艦これ(呉鎮守府所属　最高位：三群提督(令和4年10月度・177位) 　令和二年一月一日 HMS Warspiteとケッコンカッコカリ) ／りらっくま 「古楽の楽しみ」遅番担当,埼玉 さいたま市 浦和区,1,20,3
84156,85669,2139,2097,いい靴買っちった！ (@ Queen Classico 丸の内店 in 千代田区 東京都) https://t.co/3p2DOrVLIH https://t.co/wAz6Gx1f5u,2021-01-20 03:41:49,0.0,0.0,3.0,0.0,28b9063fdce43645,104684347.0,dhuerou,1622.0,155140.0,DDでグルマんで嫁さんと２人の娘が大好き。飯テロ注意！眉村ちあき、WAY WAVE、POPPiNG EMO、【eN】、Caress Van End、鈴木千夏、MARKET SHOP STORE、ノコフク,安定の下手スピーカー前,1,20,3
84157,85670,2140,2098,おひさしつじた (@ つじ田 - @tsujita1137 in 中央区 東京都) https://t.co/Ua6YJWj5P8,2021-01-20 03:41:47,0.0,0.0,1.0,0.0,735b6f2b933efaf6,1341238123.0,mhg390114,340.0,14675.0,SK→TUTBS 高校→エアライフル 大学→写真部 今は東京を走るあなたのアッシー🥺💕グラブル/週間少年ｼﾞｬﾝﾌﾟ/写真/apex/……etc,埼玉の赤いとこ,1,20,3
84158,85671,2141,2099,湘南ライナー待ち (@ 9-10番線ホーム in 千代田区 東京都) https://t.co/HfPuKQuV1a,2021-01-20 03:41:45,0.0,0.0,0.0,0.0,28b9063fdce43645,131332096.0,SUDO_ERINA,200.0,9656.0,Berryz工房須藤茉麻イチオシ。 真野、りこりこ、あみ、みずほにガチ恋ゆうみ、しおり、まりん、ルノー、かみこ、わかな、🐼、🐙、ゆぱねちゃんを推してます。 まあさ中毒でベリヲタやってました。も..もう我慢出来ない(*´Д`)ハァハァ。頑張ルノー！釜アゲアゲ、バイキソラーン。つばきバスツアードッチボール優勝８号車,神奈川県藤沢市,1,20,3
84159,85672,2142,2100,I'm at 東京駅 in 千代田区 東京都 https://t.co/gEEVi1UFYV,2021-01-20 03:41:44,0.0,0.0,0.0,0.0,28b9063fdce43645,6228452.0,zephyr_mf,1405.0,13123.0,音楽と犬が好きな芥社員。よしなしごとをそこはかとなく。北海道産。オーボエ吹き。ウェスティのラク2021年4月21日生まれ♂。アイコンはラテ♀2021年6月26日🌈14才。ハルモニアウインドアンサンブル 。なごみ管弦楽団。fan:zabadak/十二国記 ほしいものリスト https://t.co/40FIY4kO6C 🍠,Tokyo Japan,1,20,3
84160,85673,2143,2101,I'm at 雷 東京本丸店 in 千代田区 東京都 https://t.co/jfwUM8CZZD https://t.co/12ms5cxTLA,2021-01-20 03:41:35,0.0,0.0,0.0,0.0,28b9063fdce43645,168058923.0,tkmsybk,363.0,62862.0,ﾊﾛｰ!ﾌﾟﾛｼﾞｪｸﾄ/道重/植村/宮崎/宮本/Juice=Juice/史跡とか景勝地とか,限界横浜,1,20,3
84161,85674,2144,2102,まだ中央線遅れてる (@ 東京駅 in 千代田区 東京都) https://t.co/HUiXnKU6I7,2021-01-20 03:41:33,0.0,0.0,0.0,0.0,28b9063fdce43645,1569064219.0,11c,868.0,93621.0,中港•スーダンが好き。 カメラ・音声・VTRがﾁｮｯﾄﾃﾞｷﾙ 高専#kosen12s/放送技術/ガジェット/海外旅行/アラビア語/マイメロ/N-WGN JH3オーナー ✈→🇨🇳🇭🇰🇲🇴🇹🇼🇸🇬🇲🇾🇸🇩🇦🇪🇶🇦🇺🇦🇵🇱🇺🇸🇪🇬🇵🇭,本垢は@jf1idx,1,20,3
84162,85675,2145,2103,N700S！ (@ 東海道新幹線 東京駅 in 千代田区 東京都) https://t.co/9lwkEIvB6X https://t.co/7gL0iD60ej,2021-01-20 03:41:29,0.0,0.0,0.0,0.0,28b9063fdce43645,719962554.0,fastec_nob,453.0,19876.0,ガンバ大阪をゆる～く応援                                                      出張と称した旅人,大阪 北摂地域,1,20,3
84163,85676,2146,2104,I'm at 東京駅 in 千代田区 東京都 https://t.co/6rpaR3fLKi,2021-01-20 03:41:28,0.0,0.0,0.0,0.0,28b9063fdce43645,358739295.0,Sakashita_Tes3,370.0,89461.0,3度目の凍結,越後湯沢,1,20,3
84164,85677,2147,2105,I'm at 東京駅 in 千代田区 東京都 https://t.co/kAsUnAs9IH,2021-01-20 03:41:28,0.0,0.0,0.0,0.0,28b9063fdce43645,225779019.0,chuo_m112,722.0,87105.0,暗黒期突入中。推しと言える推しはいません。原点回帰しようかしら。ゆるく駅メモ、ポケモンGOやってます。#なおたん12病バス垢( @greenbelt_bus ),大都会上野原 まな板王国,1,20,3
84165,85678,2148,2106,I'm at 東京駅 in 千代田区 東京都 https://t.co/i9TgpXX1qc,2021-01-20 03:41:12,0.0,0.0,0.0,0.0,28b9063fdce43645,207464042.0,Hosonya,243.0,71164.0,大洗鹿島線・湊線・真岡線・ＪＲ常磐線・東武・関鉄が大好きな人。都営新宿線、半蔵門線利用している人。休日はたまに大洗。りんてつ応援団員。ＳＥ。アニメ・ゲーム｢ニセコイ、艦これ、ヤマノススメ、ガルパン、鷹の爪、生徒会役員共、まどマギ、俺妹」が好きな人。,東京都江戸川区、茨城県水戸市・大洗町・鉾田市のどこか,1,20,3
84166,85679,2149,2107,定期検診とかいう拷問の洗礼を浴びせられてる (@ 総合健診センターヘルチェック 日本橋センター in 中央区 東京都) https://t.co/sNrEE4jBcR,2021-01-20 03:41:08,0.0,0.0,0.0,0.0,735b6f2b933efaf6,112756519.0,maron313,1698.0,121309.0,続いてラジオネーム”おもんなくん”さんからのお便りです。 大好きなアイドルを観にライブに行ってるのに全然レスをくれません。どうすればいいですか？ んー、べつにいいんじゃないですかね？だって,ゆるっと金ねぇ団　求:ここヒロ現場,1,20,3
84167,85680,2150,2108,I'm at アクアライン高速バス東京駅前BT https://t.co/dWwhyEm1P9,2021-01-20 03:41:08,0.0,0.0,0.0,0.0,735b6f2b933efaf6,5999312.0,pasiri,327.0,50696.0,,浪岡地区　／　『BACKSTREETGIRLS ゴクドルズ」チカぴょん押しヲタ、エキストラ 2019年2月8日公開,1,20,3
84168,85681,2151,2109,テスト投稿 (@ 東京駅 in 千代田区 東京都) https://t.co/QuZgiQR1dn,2021-01-20 03:41:07,0.0,0.0,0.0,0.0,28b9063fdce43645,1153347770.0,genuine_iwachan,1112.0,170201.0,白瀬はる@haru_PEXACOA 花井ひかり @hanai_hikari 増田みい @miiNECOPLA 前田彩佳 @ayaka_pdq,東京都,1,20,3
84169,85682,2152,2110,I'm at はせがわ酒店 in 千代田区 東京都 https://t.co/X9Wxy5FCVo,2021-01-20 03:41:02,0.0,0.0,0.0,0.0,28b9063fdce43645,100960528.0,saber_altlia,159.0,25691.0,ITインフラ系コールセンター品質データ提供担当/データ活用のためのデータマネジメントを考える何か/日本酒・クラフトビール好き/ほぼ酒関連か仕事関連のぼやき/たまにアニメとかゲームとか,日本酒かクラフトビールのある場所を求めて,1,20,3
84170,85683,2153,2111,さむい… (@ 東京国際フォーラム - @t_i_forum_pr in 千代田区 東京都) https://t.co/f0u4hUFOer,2021-01-20 03:41:01,0.0,0.0,0.0,0.0,28b9063fdce43645,219492126.0,TauSHK,1430.0,268573.0,バイク旅＆キャンプ(Versys-x)、道の駅、オタ活(サンホラ、ウマ娘、ラブライブ、スタァライト)。ゆるーく競馬。アイコンはまりっちさん(@Aku_mrmr09)作。他人のガチャ引きに定評があるらしい(無根拠)。 #たうさんの指フォロバは合いそうなら。スパムと絶対相容れない方はブロックします、慈悲はない。,湘南管区沼津市港北区内浦,1,20,3
84171,85684,2154,2112,I'm at 東京駅 in 千代田区 東京都 https://t.co/NLkWku7M0G,2021-01-20 03:40:59,0.0,0.0,0.0,0.0,28b9063fdce43645,4694905820.0,oharusukko,279.0,20402.0,,,1,20,3
84172,85685,2155,2113,駐輪場どこw (@ 東京駅 in 千代田区 東京都) https://t.co/HWfp6ECSlO,2021-01-20 03:40:58,0.0,0.0,0.0,0.0,28b9063fdce43645,219492126.0,TauSHK,1430.0,268573.0,バイク旅＆キャンプ(Versys-x)、道の駅、オタ活(サンホラ、ウマ娘、ラブライブ、スタァライト)。ゆるーく競馬。アイコンはまりっちさん(@Aku_mrmr09)作。他人のガチャ引きに定評があるらしい(無根拠)。 #たうさんの指フォロバは合いそうなら。スパムと絶対相容れない方はブロックします、慈悲はない。,湘南管区沼津市港北区内浦,1,20,3
84173,85686,2156,2114,I'm at 東京ギョーザスタンド ウーロン in 千代田区 東京都 https://t.co/fFrGVVdrzK,2021-01-20 03:40:58,0.0,0.0,0.0,0.0,28b9063fdce43645,100960528.0,saber_altlia,159.0,25691.0,ITインフラ系コールセンター品質データ提供担当/データ活用のためのデータマネジメントを考える何か/日本酒・クラフトビール好き/ほぼ酒関連か仕事関連のぼやき/たまにアニメとかゲームとか,日本酒かクラフトビールのある場所を求めて,1,20,3
84174,85687,2157,2115,I'm at 矢場とん in 千代田区 東京都 https://t.co/QECWkLJqTQ https://t.co/U9LZr6qY1y,2021-01-20 03:40:53,0.0,0.0,0.0,0.0,735b6f2b933efaf6,144555209.0,KappaIII,388.0,16573.0,F&M,,1,20,3
84175,85688,2158,2116,I'm at 龍記 八重洲店 in 中央区 東京都 https://t.co/1VcMhzNkvp,2021-01-20 03:40:47,0.0,0.0,1.0,0.0,735b6f2b933efaf6,545119130.0,ume_tea5150,1176.0,200255.0,UNISON SQUARE GARDEN,,1,20,3
84176,85689,2159,2117,I'm at 東京駅 in 千代田区 東京都 https://t.co/mDdDcsJRoY,2021-01-20 03:40:45,0.0,0.0,0.0,0.0,28b9063fdce43645,107778292.0,rakusuke,704.0,390929.0,ゲーセン店員+スポット派遣 パカパカパッション/レゲー/Project DIVA AC(CN:【853】RAK＠巡一派TRF HAP:240 EXP:117 Rコード:BMKXQDNAJH)/ペンゴ！オンライン/レベルスVS/テトリス99/ドーナツ・ドド,中野TRF,1,20,3
84177,85690,2160,2118,I'm at よもだそば - @yomodasoba in 中央区 東京都 https://t.co/TUi78RtqJV,2021-01-20 03:40:44,0.0,0.0,1.0,0.0,735b6f2b933efaf6,61128309.0,kohkuma,1298.0,107532.0,佐世保出身横浜育ち、GW生まれの40代おうし座O型。3児(双子+1)の父9年生、都内のタクシードライバー15年生。旅行/温泉/音楽/IT/鉄道/水曜どうでしょう/saku saku/THE TRANSFORMER etc…。ゆるゆるだらだらとつぶやいております。「急いては事を仕損ずる」「年中游休」アイコンは妻作(笑),横浜のチベットの1階のような4階,1,20,3
84178,85691,2161,2119,I'm at 丸ノ内線 東京駅 - @m_line_info in 千代田区 東京都 https://t.co/e8u76GrBM1,2021-01-20 03:40:40,0.0,0.0,0.0,0.0,28b9063fdce43645,216393703.0,YNJIRO,655.0,84668.0,Just for my lifelogging,Tokyo,1,20,3
84179,85692,2162,2120,I'm at 東京駅 in 千代田区 東京都 https://t.co/JdQ1gx6UDS,2021-01-20 03:40:32,0.0,0.0,0.0,0.0,28b9063fdce43645,216393703.0,YNJIRO,655.0,84668.0,Just for my lifelogging,Tokyo,1,20,3
84180,85693,2163,2121,実は今年初⁉️地粉じゃ無いけど韃靼並盛り＋ネギ汁(^^)、ベートーベン第九の第四楽章なロックの中で年末分を消化…とか⁇（違　絶対大将Rブラックモア好きw (@ 京橋 恵み屋 - @megumiyamaster in 中央区 東京都) https://t.co/I0oiaPcOAF https://t.co/BmnV1nSzo5,2021-01-20 03:40:31,0.0,0.0,0.0,0.0,735b6f2b933efaf6,116131793.0,CECIL_Mac_Bee,428.0,110955.0,J波は試験放送が神だったと思ってる音好きデザイナー ...念願ピス西沢兄ぃとの逆電ANNG3回・GLドリワカ2回とオーラス前回。漢字とーくから林檎。OS進化に戸惑いつつも仕事（DTP）メーン機は10.15カタリナ（9.1まだ健在..orz）あいぽんX復元!。ひょんなことから代取。レスポンス悪いです。#urawareds,東京副都心,1,20,3
84181,85694,2164,2122,ガラッガラ (@ 東海道新幹線 東京駅 in 千代田区 東京都) https://t.co/qH1pO7sBZ5 https://t.co/3GA7J6G9D5,2021-01-20 03:40:30,0.0,0.0,3.0,0.0,28b9063fdce43645,441859500.0,namoxnamo,1073.0,61833.0,パソコン(x68付近)、模型(ガンプラ、ヒコーキ他)、ドール(1/3辺り)、AKIRA(大友さんの方)、あと映画見るのと好きな映画のプロップ集め,雷門と秋葉原のある区,1,20,3
84182,85695,2165,2123,I'm at IZAKAYAどいちゃん in 千代田区 東京都 https://t.co/RpRP38ma25,2021-01-20 03:40:29,0.0,0.0,0.0,0.0,28b9063fdce43645,60888208.0,do_black,764.0,159419.0,コンカフェアイドルおじ。アルカナビス/コンカフェ/=LOVE/≠ME/音ゲー(SDVX乃木フェスあんスタ)/坂道/酒/colette/yuuri/💙🌎🫐🦋💤 /LINE ID:do_black る！いー！,フラヌイ温泉,1,20,3
84183,85696,2166,2124,I'm at 六厘舎 in 千代田区 東京都 https://t.co/bcksePvyrY,2021-01-20 03:40:15,0.0,0.0,0.0,0.0,28b9063fdce43645,162733617.0,FMY__19,955.0,124388.0,今年こそは-10kg目標,,1,20,3
84184,85697,2167,2125,I'm at JR 東京駅 - @jreast_official in 千代田区 東京都 https://t.co/wRRu9l816g,2021-01-20 03:40:14,0.0,0.0,0.0,0.0,28b9063fdce43645,1699595660.0,oha_harumon,1145.0,27941.0,しろもん、IMMM 、シュアネス、グリマス、きみより、UtaGe!、paslil'、Shupines、notall、ぴ、有村莉彩、📷EOS R6/7DⅡ,フレオ一派,1,20,3
84185,85698,2168,2126,I'm at 東京駅 in 千代田区 東京都 https://t.co/w9Na826g6r,2021-01-20 03:40:11,0.0,0.0,0.0,0.0,28b9063fdce43645,152554184.0,gashi_miya_,2708.0,172127.0,基本的ににわかオタクプラレール全然わからん→ @tentsudan同人誌🍈:https://t.co/nGBLcHVVF4BEEP:https://t.co/mVQWOlrPWT※居酒屋「がしみ屋」とは無関係,さいたま,1,20,3
84186,85699,2169,2127,I'm at @Starbucks_j in 千代田区 東京都 https://t.co/HpmxneURLs,2021-01-20 03:40:09,0.0,0.0,0.0,0.0,28b9063fdce43645,1000607724.0,kame34567,1579.0,27323.0,横浜にいます、距離ガバ勢ではありません😑洗車好き(嘘)😁最近ドライブ中に.ミスチル.米津玄師.Aqua Timez.ゴスペラーズ.スピッツ.レミオロメン 等を良く聞きながらドライブします、同じ曲趣味の人も宜しくお願いします。😊😊,日本 神奈,1,20,3
84187,85700,2170,2128,ダイレンジャーごっこ (@ 東京駅 in 千代田区 東京都) https://t.co/ESg5ZhmKlK,2021-01-20 03:40:09,0.0,0.0,0.0,0.0,28b9063fdce43645,297726623.0,rainbow_impulse,501.0,137583.0,スーパー戦隊シリーズ全般 / とある科学の超電磁砲 /  僕の心のヤバイやつ / からかい上手の高木さん /  艦隊これくしょん～艦これ～ / ダイの大冒険 / ドラクエ / NACK5 / 酷道など道路全般 / コクドル / アニソン・特ソン / 地元ネタ / 交通情報などを実況するかも ※成人済,石川県,1,20,3
84188,85701,2171,2129,I'm at 雷 東京本丸店 in 千代田区 東京都 https://t.co/tOPzg448jK,2021-01-20 03:40:08,0.0,0.0,0.0,0.0,28b9063fdce43645,879603180.0,smaster_s,331.0,147060.0,そう君じゃなきゃ 君じゃなきゃ @natsumi_m8 @_madoka726_ @acmilan @albirex_pr @mc_official_jp,Italy belongs to ACMilan ⚫️🔴,1,20,3
84189,85702,2172,2130,今年初やな (@ Treasure Data KK in 千代田区 東京都) https://t.co/Ja588b1BX4,2021-01-20 03:40:05,0.0,0.0,0.0,0.0,28b9063fdce43645,158923821.0,maustanuo,876.0,14746.0,21世紀☆全力で走り続けます！(おくたに会より引用) (｀_´)ゞ アイデア勝負で生きて行きますm(_ _)m不安なのは挑戦している証拠なんだよ^_^ 行けるところまで行ってみます٩( ᐛ )و,,1,20,3
84190,85703,2173,2131,I'm at 東京駅 in 千代田区 東京都 https://t.co/V4n6zfYXfY,2021-01-20 03:40:03,0.0,0.0,0.0,0.0,28b9063fdce43645,358739295.0,Sakashita_Tes3,370.0,89461.0,3度目の凍結,越後湯沢,1,20,3
84191,85704,2174,2132,I'm at 有楽町線 有楽町駅 - @y_line_info in 千代田区 東京都 https://t.co/2bCU2hXKwD,2021-01-20 03:39:57,0.0,0.0,0.0,0.0,28b9063fdce43645,3253227589.0,_reira_ryu_,1349.0,178019.0,りゅう れいら/25↑女/本垢兼取引垢 ラ！🏹(最推し)♦️🌸❄(姉)💧👠🔖☕🧪推し/スクフェス/スクフェス2/アケフェス/スクスタ(200↑)/グルミク(椿、葵依)/アイプラ(琴乃、miho)/オンゲキ(葵) 日常垢→@reiraryu_pwls3,↓お取引、自己紹介用にリットリンクでまとめ直しました,1,20,3
84192,85705,2175,2133,I'm at JR 東京駅 - @jreast_official in 千代田区 東京都 https://t.co/fCl9dD9xWs,2021-01-20 03:39:55,0.0,0.0,0.0,0.0,28b9063fdce43645,6222522.0,imamurad,1246.0,204819.0,川崎フロンターレゆるサポでアイドル好き。須田亜香里  SKE48（浅井裕華）日向坂（佐々木美玲 潮紗理菜 丹生明里 山口陽世寄りのおひさま）Negicco フィロのス 十束おとは 今村美月（STU）運上弘菜（HKT）柴田阿弥 電気グルーヴ Perfume サカナクションが好き。大泉洋に目がない（敬称略・順不同）,大手町 川崎 等々力 ライブ会場や握手会,1,20,3
84193,85706,2176,2134,I'm at 東京駅丸の内駅前広場 in 千代田区 東京都 https://t.co/vjAT41lp6V https://t.co/u7hm0KMNiU,2021-01-20 03:39:54,0.0,0.0,0.0,0.0,28b9063fdce43645,321474134.0,TORISUGARI_G,453.0,183575.0,アニメとかクルマとかお出かけとか。ステラのまほう難民。 あとヤマノススメとまどかがメインですっち（変な語尾あり注意(;^ω^))。　劇場アニメではおっこさん推し。  4sqチェックイン多いです,首都圏に出没,1,20,3
84194,85707,2177,2135,I'm at 東京駅 in 千代田区 東京都 https://t.co/dklfXujNha,2021-01-20 03:39:54,0.0,0.0,0.0,0.0,28b9063fdce43645,321474134.0,TORISUGARI_G,453.0,183575.0,アニメとかクルマとかお出かけとか。ステラのまほう難民。 あとヤマノススメとまどかがメインですっち（変な語尾あり注意(;^ω^))。　劇場アニメではおっこさん推し。  4sqチェックイン多いです,首都圏に出没,1,20,3
84195,85708,2178,2136,I'm at アクアライン高速バス東京駅前BT https://t.co/70pdoDgGBp,2021-01-20 03:39:53,0.0,0.0,0.0,0.0,735b6f2b933efaf6,5999312.0,pasiri,327.0,50696.0,,浪岡地区　／　『BACKSTREETGIRLS ゴクドルズ」チカぴょん押しヲタ、エキストラ 2019年2月8日公開,1,20,3
84196,85709,2179,2137,I'm at 5-6番線ホーム in 千代田区 東京都 https://t.co/HZOSl53cl4,2021-01-20 03:39:52,0.0,0.0,0.0,0.0,28b9063fdce43645,97877512.0,SOCIO13385,2128.0,438540.0,ラーメンをはじめ麺類(但し冷麺を除く)と麦酒が好物の10年SOCIO(2012年時点)のＦＣ東京サポです。人生の半分を東京で過ごしております(@￣ρ￣@),生誕地横浜市中区→本籍地磯子区→生育地金沢区→中央区→墨田区,1,20,3
84197,85710,2180,2138,I'm at 東京駅 in 千代田区 東京都 https://t.co/xLDIh9ag6E,2021-01-20 03:39:52,0.0,0.0,0.0,0.0,28b9063fdce43645,545119130.0,ume_tea5150,1176.0,200255.0,UNISON SQUARE GARDEN,,1,20,3
84198,85711,2181,2139,I'm at 京葉線連絡通路 動く歩道 - @jreast_official in 千代田区 東京都 https://t.co/j9e2CfVeDG,2021-01-20 03:39:50,0.0,0.0,0.0,0.0,28b9063fdce43645,97877512.0,SOCIO13385,2128.0,438540.0,ラーメンをはじめ麺類(但し冷麺を除く)と麦酒が好物の10年SOCIO(2012年時点)のＦＣ東京サポです。人生の半分を東京で過ごしております(@￣ρ￣@),生誕地横浜市中区→本籍地磯子区→生育地金沢区→中央区→墨田区,1,20,3
84199,85712,2182,2140,1番線なう_( ˙꒳˙  )_ (@ 京葉地下1-2番線ホーム in 千代田区 東京都) https://t.co/Idrok5T4hb,2021-01-20 03:39:48,0.0,0.0,0.0,0.0,28b9063fdce43645,97877512.0,SOCIO13385,2128.0,438540.0,ラーメンをはじめ麺類(但し冷麺を除く)と麦酒が好物の10年SOCIO(2012年時点)のＦＣ東京サポです。人生の半分を東京で過ごしております(@￣ρ￣@),生誕地横浜市中区→本籍地磯子区→生育地金沢区→中央区→墨田区,1,20,3
84200,85713,2183,2141,I'm at 孫鈴舎 - @_magosaku in 千代田区 東京都 https://t.co/PWsUxOlQmn,2021-01-20 03:39:43,1.0,0.0,1.0,0.0,28b9063fdce43645,152686323.0,Jfukuro_Shuji,1293.0,195624.0,五月天、2018年5月19日20日 日本武道館、2019年4月6日7日大阪城音樂廳/喜歡臺灣、香港、亞洲/基金管理/,,1,20,3
84201,85714,2184,2142,I'm at ecute 京葉ストリート in 千代田区 東京都 https://t.co/lHSovp4Nbk,2021-01-20 03:39:40,0.0,0.0,0.0,0.0,28b9063fdce43645,97877512.0,SOCIO13385,2128.0,438540.0,ラーメンをはじめ麺類(但し冷麺を除く)と麦酒が好物の10年SOCIO(2012年時点)のＦＣ東京サポです。人生の半分を東京で過ごしております(@￣ρ￣@),生誕地横浜市中区→本籍地磯子区→生育地金沢区→中央区→墨田区,1,20,3
84202,85715,2185,2143,I'm at 八重洲中央口前交差点 in 中央区 東京都 https://t.co/xAjXY3GahG https://t.co/RzlDtu78tE,2021-01-20 03:39:38,0.0,0.0,1.0,0.0,735b6f2b933efaf6,59701351.0,tsukuda39,940.0,43525.0,コミュニティの原点は住んでいる場所から半径1km内が基本。小さくても港町である東京都中央区佃居住は21年に。expediaでの妄想トラベラー。RTは必ずしも、その内容に賛同しているわけではありません。YMO、冨田勲、カシオペア、INO hidefumi、大滝詠一  google ローカルガイド · レベル 8,,1,20,3
84203,85716,2186,2144,I'm at 京橋一丁目交差点 in 中央区 https://t.co/6InIRrZCzP https://t.co/n41KkhZg1u,2021-01-20 03:39:38,0.0,0.0,1.0,0.0,735b6f2b933efaf6,59701351.0,tsukuda39,940.0,43525.0,コミュニティの原点は住んでいる場所から半径1km内が基本。小さくても港町である東京都中央区佃居住は21年に。expediaでの妄想トラベラー。RTは必ずしも、その内容に賛同しているわけではありません。YMO、冨田勲、カシオペア、INO hidefumi、大滝詠一  google ローカルガイド · レベル 8,,1,20,3
84204,85717,2187,2145,I'm at JR 東京駅 - @jreast_official in 千代田区 東京都 https://t.co/UfkqohqMQ2,2021-01-20 03:39:06,0.0,0.0,0.0,0.0,28b9063fdce43645,139070446.0,gab_km,1176.0,224818.0,/息子/F#/Mazda/Rust/Rock/バンドリ/Python/プリコネR/眼鏡っ娘/PowerShell/翻訳/ウマ娘。ガブです。かつてのしがないi18nマンも、今やただのバンドリおじさん。紗夜さんが好きです。ゲーム垢→@gab_km_ga,神奈川県横浜市 | Yokohama Japan,1,20,3
84205,85718,2188,2146,I'm at 東京駅 in 千代田区 東京都 https://t.co/YeY7E0A13N,2021-01-20 03:39:04,0.0,0.0,0.0,0.0,28b9063fdce43645,2795245832.0,shiyugin_rec,154.0,10350.0,そろそろ住所特定されてもおかしくないレベルの某クソ垢が、鉄道とかバスの乗車録やSwarmによる現在地を延々とつぶやく発信専用垢,,1,20,3
84206,85719,2189,2147,立ち寄りたいが開いている時間に立ち寄れない、涙。 (@ Brooklyn Roasting Company in 千代田区 東京都) https://t.co/PKGTjJZe9a https://t.co/zM3vqwnf3e,2021-01-20 03:39:00,0.0,0.0,4.0,0.0,28b9063fdce43645,99912292.0,Kalischt,822.0,233115.0,屹立部 / 熟女河童 / 誤字脱字 / 旅は好きだがB級 / 街歩き / 昭和風味 / JAL乗りだってば / PPMP / #TokyoBayCrushMorning,千葉 千葉市 美浜区,1,20,3
84207,85720,2190,2148,I'm at エリックサウス in 中央区 東京都 https://t.co/5II0aSgqzW,2021-01-20 03:38:51,0.0,0.0,0.0,0.0,735b6f2b933efaf6,158923129.0,KT500000,1161.0,134814.0,趣味は睡眠と食事で登坂と労働は苦手。2015/7からスタートしたブルベはダイエット走のつもりだが全く減らない。2022年は75.8kgスタート、 ACPpoint 462点、SR600 31本18ルート（R24、T7、うち海外5）労働意欲喪失率後遺認定１級,阿里山,1,20,3
84208,85721,2191,2149,I'm at 東京駅赤レンガ駅舎型ポスト - @japanposthd_pr in 千代田区 東京都 https://t.co/uX5Ce4WkBx,2021-01-20 03:38:48,0.0,0.0,0.0,0.0,28b9063fdce43645,142678436.0,sugawaryo,466.0,38997.0,←（中野市・小布施町）←鹿追町・音更町←三浦市←金沢区←（白馬村）←日野市←海老名市←鶴岡市,,1,20,3
84209,85723,2193,2150,20分ほど前まで (@ スシロー in 千代田区 東京都) https://t.co/f2TrwXwmjI,2021-01-20 03:38:41,0.0,0.0,0.0,0.0,28b9063fdce43645,2795245832.0,shiyugin_rec,154.0,10350.0,そろそろ住所特定されてもおかしくないレベルの某クソ垢が、鉄道とかバスの乗車録やSwarmによる現在地を延々とつぶやく発信専用垢,,1,20,3
84210,85724,2194,2151,I'm at JR 東京駅 - @jreast_official in 千代田区 東京都 https://t.co/YSa0GIMQmz,2021-01-20 03:38:36,0.0,0.0,0.0,0.0,28b9063fdce43645,6222522.0,imamurad,1246.0,204819.0,川崎フロンターレゆるサポでアイドル好き。須田亜香里  SKE48（浅井裕華）日向坂（佐々木美玲 潮紗理菜 丹生明里 山口陽世寄りのおひさま）Negicco フィロのス 十束おとは 今村美月（STU）運上弘菜（HKT）柴田阿弥 電気グルーヴ Perfume サカナクションが好き。大泉洋に目がない（敬称略・順不同）,大手町 川崎 等々力 ライブ会場や握手会,1,20,3
84211,85725,2195,2152,I'm at 東京駅 in 千代田区 東京都 https://t.co/DI0FIOa1g3,2021-01-20 03:38:36,0.0,0.0,0.0,0.0,28b9063fdce43645,1569064219.0,11c,868.0,93621.0,中港•スーダンが好き。 カメラ・音声・VTRがﾁｮｯﾄﾃﾞｷﾙ 高専#kosen12s/放送技術/ガジェット/海外旅行/アラビア語/マイメロ/N-WGN JH3オーナー ✈→🇨🇳🇭🇰🇲🇴🇹🇼🇸🇬🇲🇾🇸🇩🇦🇪🇶🇦🇺🇦🇵🇱🇺🇸🇪🇬🇵🇭,本垢は@jf1idx,1,20,3
84212,85726,2196,2153,定位置 (@ 総武地下1-2番線ホーム in Chiyoda 東京都) https://t.co/4eJ3QLSrhp,2021-01-20 03:38:34,0.0,0.0,0.0,0.0,28b9063fdce43645,142678436.0,sugawaryo,466.0,38997.0,←（中野市・小布施町）←鹿追町・音更町←三浦市←金沢区←（白馬村）←日野市←海老名市←鶴岡市,,1,20,3
84213,85728,2198,2154,実家から締め出された（実家とは言っていない） (@ アイカツ!スタイル in 千代田区 Tōkyō-to) https://t.co/yijoW7lMJw https://t.co/3YvJNb1h7b,2021-01-20 03:38:32,0.0,0.0,2.0,0.0,28b9063fdce43645,4276151.0,masatoku,2000.0,204804.0,DJ/毎月第一水曜早稲田茶箱でJPOP・アニソンラウンジイベントissui主催/F800ST/320i(E90)/Scultura3000/Route/熱海/温泉/立花理香/Focal/自炊/SF/読書/禅/仏教/ボドゲ/TRPG/ワイン/日本酒/フレブル-あんこ・じーこ/アイカツ！,静岡 静岡市,1,20,3
84214,85729,2199,2155,東京なう (@ JR 東京駅 - @jreast_official in 千代田区 東京都) https://t.co/t13VZVBIBj https://t.co/S4UAosyJvV,2021-01-20 03:38:32,0.0,0.0,4.0,0.0,28b9063fdce43645,60204015.0,mochizu,1016.0,41575.0,No challenge No life. 好奇心に任せていろんなことにチャレンジするのが好き。ウマ娘、ラブライブ スーパースター、リコリス・リコイル、Apple、ガジェット、ラーメン、ClariS、初音ミク。フォロー歓迎。G+難民。English OK 🇺🇸🇮🇳🇨🇦🇬🇧🇦🇺,Tokyo,1,20,3
84215,85730,2200,2156,I'm at 東海道新幹線 東京駅 in 千代田区 東京都 https://t.co/HpctlT1o8y,2021-01-20 03:38:19,0.0,0.0,0.0,0.0,28b9063fdce43645,159927636.0,akari_19981230,1056.0,72009.0,ライト層ヲタになってきた【殿堂⇒鈴木愛理、森戸知沙希、 】【ハロプロ⇒植村あかり】【Mラインは宮本佳林、佐藤優樹 】あとは旅行好き、修行【ステイタス飛行機ＡＮＡ.ホテルハイアット、ヒルトン、マリオット、IHG、BW、アコー】海外行きたい,,1,20,3
84216,85731,2201,2157,Tokyo (@ 東京駅 in 千代田区 東京都) https://t.co/dULQYt6lGU,2021-01-20 03:38:16,0.0,0.0,0.0,0.0,28b9063fdce43645,885766884.0,uramp_1130,1889.0,260543.0,#TRANZUP_VOICE 主催、#ドスコア #beat_landing #温泉DJ部 所属のurampです！ 九州の♨︎県♨︎市出身。DJ出演依頼等はDM迄どうぞ！ヘッダーは本人らしい。 他の趣味：麺、ニコ動、雀魂、DTM(勉強中)。icon(@hiraga_hiraga)、logo(@kinokotan),千葉 船橋市,1,20,3
84217,85732,2202,2158,I'm at JR 東京駅 in 千代田区 東京都 https://t.co/zvBuPA0cm1,2021-01-20 03:38:15,0.0,0.0,1.0,0.0,28b9063fdce43645,158923129.0,KT500000,1161.0,134814.0,趣味は睡眠と食事で登坂と労働は苦手。2015/7からスタートしたブルベはダイエット走のつもりだが全く減らない。2022年は75.8kgスタート、 ACPpoint 462点、SR600 31本18ルート（R24、T7、うち海外5）労働意欲喪失率後遺認定１級,阿里山,1,20,3
84218,85733,2203,2159,I'm at 東海道新幹線 東京駅 in 千代田区 東京都 https://t.co/JDbfFO4T8g,2021-01-20 03:38:10,0.0,0.0,0.0,0.0,28b9063fdce43645,135381653.0,______TKC______,868.0,148938.0,アクティブに隠居してます。 ドレミファソラシの7人だけが友達。 Fearand Loathing in Las Vegas🖤 土曜日💜,音楽。居場所。心。,1,20,3
84219,85734,2204,2160,I'm at サンマルクカフェ - @st_marc_cafe309 in 中央区 東京都 https://t.co/hbVlavRA3O,2021-01-20 03:38:06,0.0,0.0,0.0,0.0,735b6f2b933efaf6,5999312.0,pasiri,327.0,50696.0,,浪岡地区　／　『BACKSTREETGIRLS ゴクドルズ」チカぴょん押しヲタ、エキストラ 2019年2月8日公開,1,20,3
84220,85735,2205,2161,I'm at アクアライン高速バス東京駅前BT https://t.co/NWj9tIthRQ,2021-01-20 03:38:04,0.0,0.0,0.0,0.0,735b6f2b933efaf6,5999312.0,pasiri,327.0,50696.0,,浪岡地区　／　『BACKSTREETGIRLS ゴクドルズ」チカぴょん押しヲタ、エキストラ 2019年2月8日公開,1,20,3
84221,85736,2206,2162,I'm at トミカショップ - @takaratomytoys in 千代田区 東京都 https://t.co/7l7XZi8Pu5,2021-01-20 03:38:03,0.0,0.0,0.0,0.0,28b9063fdce43645,1000607724.0,kame34567,1579.0,27323.0,横浜にいます、距離ガバ勢ではありません😑洗車好き(嘘)😁最近ドライブ中に.ミスチル.米津玄師.Aqua Timez.ゴスペラーズ.スピッツ.レミオロメン 等を良く聞きながらドライブします、同じ曲趣味の人も宜しくお願いします。😊😊,日本 神奈,1,20,3
84222,85737,2207,2163,I'm at 東京駅 in 千代田区 東京都 https://t.co/qPeRQbmt1g,2021-01-20 03:37:59,0.0,0.0,0.0,0.0,28b9063fdce43645,7.308081803184701e+17,seba_ni_yo,1137.0,52401.0,黒髪ロングが好きです,,1,20,3
84223,85738,2208,2164,I'm at ビックカメラ 有楽町店 - @bic_yuurakuchou in 千代田区 東京都 https://t.co/1uiKINhvu4,2021-01-20 03:37:42,0.0,0.0,0.0,0.0,28b9063fdce43645,144864120.0,ayr_1,652.0,628637.0,テレビ実況と眼鏡と中二病/あとFGO/デュエマ/デュエプレ/PSO2/予備垢→@ayr_spare,お風呂,1,20,3
84224,85739,2209,2165,I'm at JR 東京駅 - @jreast_official in 千代田区 東京都 https://t.co/iT4v7vA559,2021-01-20 03:37:35,0.0,0.0,0.0,0.0,28b9063fdce43645,98894748.0,chiromame,1448.0,293238.0,呑兵衛の聖地･東京立石出身｡⚽️FC東京SOCIO12年目｡⚾️NPBﾌｧﾝ歴40年超(燕派)､❄️Skijumpﾌｧﾝ歴30余年｡その他ｽﾎﾟｰﾂ全般観戦/食/旅/鉄(元某大手私鉄定期券発売所係員)/'80s洋楽/落語/観る将(藤井聡太🦀推し)｡多めRTは賛同に限らず､話題により毒吐き｡善人に非ず､悪しからず｡,神奈川県川崎市,1,20,3
84225,85740,2210,2166,I'm at つじ半 in 中央区 東京都 https://t.co/SNPmifPQD9,2021-01-20 03:37:31,0.0,0.0,0.0,0.0,735b6f2b933efaf6,293035159.0,aaakane8,355.0,20889.0,初恋は実らない,,1,20,3
84226,85741,2211,2167,I'm at 松戸富田麺絆 in 千代田区 東京都 https://t.co/i1fGzPPGU8,2021-01-20 03:37:30,0.0,0.0,0.0,0.0,28b9063fdce43645,60888208.0,do_black,764.0,159419.0,コンカフェアイドルおじ。アルカナビス/コンカフェ/=LOVE/≠ME/音ゲー(SDVX乃木フェスあんスタ)/坂道/酒/colette/yuuri/💙🌎🫐🦋💤 /LINE ID:do_black る！いー！,フラヌイ温泉,1,20,3
84227,85742,2212,2168,I'm at 東海道新幹線 東京駅 in 千代田区 東京都 https://t.co/uMSPm1LDpj,2021-01-20 03:37:28,0.0,0.0,0.0,0.0,28b9063fdce43645,2984388662.0,ntkdky,427.0,29245.0,ぺろりん先生・ナナランド・ネオジャポ　　　　　　　　　　　　　　　　　　　　　　　　　　　　　　　　　　　　　　　　　　　　　　　　　　　　　　　女の子を求めて日々徘徊してます,東海道新幹線小田原駅,1,20,3
84228,85743,2213,2169,I'm at 東海道新幹線 東京駅 in 千代田区 東京都 https://t.co/zptfVu52D5,2021-01-20 03:37:27,1.0,0.0,1.0,0.0,28b9063fdce43645,1.0046984470630769e+18,suwaryu_ny,485.0,131985.0,社会人になりました。国鉄車両(撮)/緊車(警)/自衛隊(海)/旅行(国内)/日向坂46(松田好花),廊下側の一番後ろのとなり,1,20,3
84229,85744,2214,2170,今日の昼食は神座です。クーポン券で安くなったので、白菜のトッピング付きにしました。 (@ どうとんぼり神座 東京駅八重洲北口店 in 千代田区 東京都) https://t.co/PxQvqeRYph https://t.co/o6wRpvqhPl,2021-01-20 03:37:17,0.0,0.0,1.0,0.0,28b9063fdce43645,279421224.0,hanomugi1231,28.0,2625.0,シンクロニシティとエンゼルナンバーが気になる人です。そして、まだまだ再構築中。笑,東京,1,20,3
84230,85745,2215,2171,I'm at すみっコぐらしshop - @sumikko_335 in 千代田区 東京都 https://t.co/RHfGOuV7kU,2021-01-20 03:37:16,0.0,0.0,0.0,0.0,28b9063fdce43645,76302066.0,rojoblanco2,398.0,41936.0,推しもフットボールもアニソンもアニメも常にDROIT AU BUT（ゴールにまっしぐら）,大阪府,1,20,3
84231,85746,2216,2172,I'm at 東海道新幹線 東京駅 in 千代田区 東京都 https://t.co/CiTWKdIPCe,2021-01-20 03:37:16,0.0,0.0,0.0,0.0,28b9063fdce43645,76302066.0,rojoblanco2,398.0,41936.0,推しもフットボールもアニソンもアニメも常にDROIT AU BUT（ゴールにまっしぐら）,大阪府,1,20,3
84232,85747,2217,2173,I'm at JR 東京駅 - @jreast_official in 千代田区 東京都 https://t.co/inzM2FXnOK,2021-01-20 03:37:15,0.0,0.0,0.0,0.0,28b9063fdce43645,9.35786632694739e+17,question_ggg578,158.0,5015.0,まさとしまさとし,東京都,1,20,3
84233,85748,2218,2174,I'm at JR 東京駅 in 千代田区 東京都 https://t.co/lE3F0I2PIm https://t.co/ZejIfucybd,2021-01-20 03:37:11,0.0,0.0,0.0,0.0,28b9063fdce43645,218048781.0,sgm0205,305.0,47916.0,主に移動記録です 交通系、旧街道巡り〔旧東海道他〕、日帰り温泉等、 遍路系(御朱印等）はちょっと落ち着いてるかなぁ(^_^;)   ネコもたまには(;^_^A swarmと連動中。Twitterではswarmは動画等が出来ないので、その分も足す補足版かなぁ(^_^;),相模原市 休日は行先不明f(^_^〈運休有〉    ,1,20,3
84234,85749,2219,2175,ファミレド (@ ど・みそ 八丁堀店 in 中央区 東京都) https://t.co/1CtaZQOU90 https://t.co/LRXgypxwEt,2021-01-20 03:37:03,0.0,0.0,0.0,0.0,735b6f2b933efaf6,1.277936509912363e+18,SHIKABANE_sa,71.0,5299.0,馬頭観音様江、2023年は競馬を副業にしていきますので御加護をくださいませ,,1,20,3
84235,85750,2220,2176,もり (@ 阿さま in 千代田区 Tōkyō) https://t.co/1Nd320KxO4,2021-01-20 03:37:01,0.0,0.0,0.0,0.0,735b6f2b933efaf6,2791484769.0,sonosakinomuko,445.0,48453.0,NOCTURNAL BLOODLUST/HONE YOUR SENSE(https://t.co/qScTRJwHWq)/HOTOKE/MAKE MY DAY/裏切者死罪 /PROMPTS /FRUITPOCHETTE /キンプリ/💙R i🅿️🍭 /⛳️° ｀.🏌️‍♂️, 柵の上,1,20,3
84236,85751,2221,2177,たまに味噌食べたくなるから食べたけどうんまい (@ ど・みそ 八丁堀店 in 中央区 東京都) https://t.co/W1VP1uBQwL https://t.co/9hNiyVoWgv,2021-01-20 03:37:01,0.0,0.0,0.0,1.0,735b6f2b933efaf6,1.277936509912363e+18,SHIKABANE_sa,71.0,5299.0,馬頭観音様江、2023年は競馬を副業にしていきますので御加護をくださいませ,,1,20,3
84237,85752,2222,2178,あと何回見られるのだろうか…？ (@ 9-10番線ホーム in 千代田区 東京都) https://t.co/mnlNa6Rj5K https://t.co/IhVND0tfvW,2021-01-20 03:37:01,0.0,0.0,1.0,0.0,28b9063fdce43645,978159661.0,beautful_soy_sa,1156.0,128255.0,マンガ、アニメ、ゲーム（主にNintendoSwitch）声優、アニソン、アニラジ、鉄道、道路、地図、写真撮影などのサブカルチャー系のつぶやきや実況をしています。全国のハイウェイスタンプをコンプリートしました。基本月1回 #道路系雑談ライブ （ツイキャス）をやっています。たまに心理系のツイートをすることもあります。,北海道釧路市,1,20,3
84238,85753,2223,2179,中央特快で新宿へ。 (@ 1-2番線ホーム in 千代田区 東京都) https://t.co/MpqsntVTqb https://t.co/JYDoOOTuYZ,2021-01-20 03:37:00,0.0,0.0,0.0,0.0,28b9063fdce43645,218048781.0,sgm0205,305.0,47916.0,主に移動記録です 交通系、旧街道巡り〔旧東海道他〕、日帰り温泉等、 遍路系(御朱印等）はちょっと落ち着いてるかなぁ(^_^;)   ネコもたまには(;^_^A swarmと連動中。Twitterではswarmは動画等が出来ないので、その分も足す補足版かなぁ(^_^;),相模原市 休日は行先不明f(^_^〈運休有〉    ,1,20,3
84239,85754,2224,2180,到着(^^) (@ 東京駅丸の内南口バス停 in 千代田区 東京都) https://t.co/h814nQj1mq https://t.co/o7nrzQqNmu,2021-01-20 03:37:00,0.0,0.0,0.0,0.0,28b9063fdce43645,218048781.0,sgm0205,305.0,47916.0,主に移動記録です 交通系、旧街道巡り〔旧東海道他〕、日帰り温泉等、 遍路系(御朱印等）はちょっと落ち着いてるかなぁ(^_^;)   ネコもたまには(;^_^A swarmと連動中。Twitterではswarmは動画等が出来ないので、その分も足す補足版かなぁ(^_^;),相模原市 休日は行先不明f(^_^〈運休有〉    ,1,20,3
84240,85755,2225,2181,改札内へ (@ 東京駅 in 千代田区 東京都) https://t.co/JSkogtImuZ https://t.co/BdYOkOqI6L,2021-01-20 03:36:58,0.0,0.0,0.0,0.0,28b9063fdce43645,978159661.0,beautful_soy_sa,1156.0,128255.0,マンガ、アニメ、ゲーム（主にNintendoSwitch）声優、アニソン、アニラジ、鉄道、道路、地図、写真撮影などのサブカルチャー系のつぶやきや実況をしています。全国のハイウェイスタンプをコンプリートしました。基本月1回 #道路系雑談ライブ （ツイキャス）をやっています。たまに心理系のツイートをすることもあります。,北海道釧路市,1,20,3
84241,85756,2226,2182,I'm at 新丸の内ビルディング in 千代田区 東京都 https://t.co/iGlrnZWQpp,2021-01-20 03:36:55,0.0,0.0,0.0,0.0,28b9063fdce43645,2162808386.0,makuharihot,612.0,14228.0,ChibaLotteMarines/KanaNishino/beer/DragonGate/FRHinfiledCEO/UltraBicycleTokyoMessenger/Roadbike/RaceHorse/BaseBall/BasketBall,,1,20,3
84242,85757,2227,2183,I'm at 京都銀閣寺ますたにラーメン - @masutaniramen in 中央区 東京都 https://t.co/WSQ7PHpKzT,2021-01-20 03:36:52,0.0,0.0,0.0,0.0,735b6f2b933efaf6,7.315066979701801e+17,member_ana,109.0,16048.0,globe。BUMP OF CHICKEN。鉄ヲタ。乗り鉄。巨人。でもプロ野球が好き。ANAの飛行機で飛ぶ。上野のガード下は午前中主義。好きな事をして生きる！スパ・アルプスの水風呂は精神安定剤。サウナー。,でこぼこ丸い地球の上,1,20,3
84243,85758,2228,2184,ゆうちょ銀行もようやくATMで通帳の繰越ができるようになったか！ (@ 八重洲地下街郵便局 - @posukuma_yubin in 中央区 東京都) https://t.co/2o0Rv0GKUk https://t.co/XnHPy1Sbg6,2021-01-20 03:36:51,0.0,0.0,0.0,0.0,735b6f2b933efaf6,978159661.0,beautful_soy_sa,1156.0,128255.0,マンガ、アニメ、ゲーム（主にNintendoSwitch）声優、アニソン、アニラジ、鉄道、道路、地図、写真撮影などのサブカルチャー系のつぶやきや実況をしています。全国のハイウェイスタンプをコンプリートしました。基本月1回 #道路系雑談ライブ （ツイキャス）をやっています。たまに心理系のツイートをすることもあります。,北海道釧路市,1,20,3
84244,85759,2229,2185,I'm at 札幌ドミニカ 八重洲仲通り串特急店 in 中央区 東京都 https://t.co/E1GQIsp38Q,2021-01-20 03:36:48,0.0,0.0,0.0,0.0,735b6f2b933efaf6,128642474.0,ori427,172.0,58792.0,2022年10月より、電気保守見習い。,神奈川県 湘南エリア,1,20,3
84245,85760,2230,2186,本日の昼食 (@ 駅弁屋 祭 in 千代田区 東京都) https://t.co/vgVpcOhyss https://t.co/Vzkd1988sW,2021-01-20 03:36:40,0.0,0.0,0.0,0.0,28b9063fdce43645,978159661.0,beautful_soy_sa,1156.0,128255.0,マンガ、アニメ、ゲーム（主にNintendoSwitch）声優、アニソン、アニラジ、鉄道、道路、地図、写真撮影などのサブカルチャー系のつぶやきや実況をしています。全国のハイウェイスタンプをコンプリートしました。基本月1回 #道路系雑談ライブ （ツイキャス）をやっています。たまに心理系のツイートをすることもあります。,北海道釧路市,1,20,3
84246,85761,2231,2187,I'm at 東海道新幹線 東京駅 in 千代田区 東京都 https://t.co/8lxrU9KziU,2021-01-20 03:36:38,0.0,0.0,0.0,0.0,28b9063fdce43645,135381653.0,______TKC______,868.0,148938.0,アクティブに隠居してます。 ドレミファソラシの7人だけが友達。 Fearand Loathing in Las Vegas🖤 土曜日💜,音楽。居場所。心。,1,20,3
84247,85762,2232,2188,I'm at JR 東京駅 - @jreast_official in 千代田区 東京都 https://t.co/EgXdVPxaw3,2021-01-20 03:36:37,0.0,0.0,0.0,0.0,28b9063fdce43645,216393703.0,YNJIRO,655.0,84668.0,Just for my lifelogging,Tokyo,1,20,3
84248,85763,2233,2189,I'm at 東京駅 in 千代田区 東京都 https://t.co/ztWqAQCXx6,2021-01-20 03:36:37,0.0,0.0,0.0,0.0,28b9063fdce43645,216393703.0,YNJIRO,655.0,84668.0,Just for my lifelogging,Tokyo,1,20,3
84249,85764,2234,2190,I'm at 東京駅 in 千代田区 東京都 https://t.co/NYAUEU8Jp1,2021-01-20 03:36:33,0.0,0.0,0.0,0.0,28b9063fdce43645,545119130.0,ume_tea5150,1176.0,200255.0,UNISON SQUARE GARDEN,,1,20,3
84250,85765,2235,2191,年末ジャンボ当選金（1500円）引き換え (@ 八重洲地下街 チャンスセンター in 中央区 東京都) https://t.co/NFql30DzEN https://t.co/Fe27jQMfkK,2021-01-20 03:36:33,0.0,0.0,1.0,0.0,735b6f2b933efaf6,978159661.0,beautful_soy_sa,1156.0,128255.0,マンガ、アニメ、ゲーム（主にNintendoSwitch）声優、アニソン、アニラジ、鉄道、道路、地図、写真撮影などのサブカルチャー系のつぶやきや実況をしています。全国のハイウェイスタンプをコンプリートしました。基本月1回 #道路系雑談ライブ （ツイキャス）をやっています。たまに心理系のツイートをすることもあります。,北海道釧路市,1,20,3
84251,85766,2236,2192,I'm at 東京駅 in 千代田区 東京都 w/ @gacha_f https://t.co/FLtQS8TfVd,2021-01-20 03:36:25,0.0,0.0,0.0,0.0,28b9063fdce43645,358739295.0,Sakashita_Tes3,370.0,89461.0,3度目の凍結,越後湯沢,1,20,3
84252,85767,2237,2193,I'm at JR 東京駅 - @jreast_official in 千代田区 東京都 https://t.co/sdHhpCmnbW,2021-01-20 03:36:24,0.0,0.0,0.0,0.0,28b9063fdce43645,6222522.0,imamurad,1246.0,204819.0,川崎フロンターレゆるサポでアイドル好き。須田亜香里  SKE48（浅井裕華）日向坂（佐々木美玲 潮紗理菜 丹生明里 山口陽世寄りのおひさま）Negicco フィロのス 十束おとは 今村美月（STU）運上弘菜（HKT）柴田阿弥 電気グルーヴ Perfume サカナクションが好き。大泉洋に目がない（敬称略・順不同）,大手町 川崎 等々力 ライブ会場や握手会,1,20,3
84253,85768,2238,2194,I'm at 東京駅 in 千代田区 東京都 https://t.co/bjpTEqOYFq,2021-01-20 03:36:18,0.0,0.0,0.0,0.0,28b9063fdce43645,6228452.0,zephyr_mf,1405.0,13123.0,音楽と犬が好きな芥社員。よしなしごとをそこはかとなく。北海道産。オーボエ吹き。ウェスティのラク2021年4月21日生まれ♂。アイコンはラテ♀2021年6月26日🌈14才。ハルモニアウインドアンサンブル 。なごみ管弦楽団。fan:zabadak/十二国記 ほしいものリスト https://t.co/40FIY4kO6C 🍠,Tokyo Japan,1,20,3
84254,85769,2239,2195,I'm at 京葉線連絡通路 動く歩道 - @jreast_official in 千代田区 東京都 https://t.co/herdq1gBVL,2021-01-20 03:36:16,0.0,0.0,0.0,0.0,28b9063fdce43645,97877512.0,SOCIO13385,2128.0,438540.0,ラーメンをはじめ麺類(但し冷麺を除く)と麦酒が好物の10年SOCIO(2012年時点)のＦＣ東京サポです。人生の半分を東京で過ごしております(@￣ρ￣@),生誕地横浜市中区→本籍地磯子区→生育地金沢区→中央区→墨田区,1,20,3
84255,85770,2240,2196,少し早く着いたので待合室で時間まで待つ。僕みたいに電車までの時間を潰してる人、仕事までの時間を潰してる人、どこにも行く宛のなさそうな人が混在してる。 (@ スクエア ゼロ in 千代田区 東京都) https://t.co/vHWcGLya6K https://t.co/ZBNKMfN688,2021-01-20 03:36:13,0.0,0.0,0.0,0.0,28b9063fdce43645,124802288.0,gameshopaki,1718.0,152684.0,競輪を中心にスポーツ観戦ネタとか近所の散歩・旅ネタとかをつぶやきます。こちらからのフォローは基本リアルで会った方で。 写真まとめ→ https://t.co/dPhVhzPKNp 予想→https://t.co/uisWClDszL インスタ→gameshopaki 19年10月よりガールズケイリン関連の図とかを毎朝自動で発信してます。,池袋区,1,20,3
84256,85771,2241,2197,I'm at アクアライン高速バス東京駅前BT https://t.co/GCloHPbFwV,2021-01-20 03:36:13,0.0,0.0,0.0,0.0,735b6f2b933efaf6,5999312.0,pasiri,327.0,50696.0,,浪岡地区　／　『BACKSTREETGIRLS ゴクドルズ」チカぴょん押しヲタ、エキストラ 2019年2月8日公開,1,20,3
84257,85772,2242,2198,4番線なう⊂(＾ω＾)⊃ｾﾌｾﾌ (@ 京葉地下3-4番線ホーム in 千代田区 東京都) https://t.co/LXf5nzJh2g,2021-01-20 03:36:10,0.0,0.0,1.0,0.0,28b9063fdce43645,97877512.0,SOCIO13385,2128.0,438540.0,ラーメンをはじめ麺類(但し冷麺を除く)と麦酒が好物の10年SOCIO(2012年時点)のＦＣ東京サポです。人生の半分を東京で過ごしております(@￣ρ￣@),生誕地横浜市中区→本籍地磯子区→生育地金沢区→中央区→墨田区,1,20,3
84258,85773,2243,2199,I'm at 5-6番線ホーム in 千代田区 東京都 https://t.co/vdnot2d8US,2021-01-20 03:36:10,0.0,0.0,1.0,0.0,28b9063fdce43645,97877512.0,SOCIO13385,2128.0,438540.0,ラーメンをはじめ麺類(但し冷麺を除く)と麦酒が好物の10年SOCIO(2012年時点)のＦＣ東京サポです。人生の半分を東京で過ごしております(@￣ρ￣@),生誕地横浜市中区→本籍地磯子区→生育地金沢区→中央区→墨田区,1,20,3
84259,85774,2244,2200,I'm at 東京駅 in 千代田区 東京都 https://t.co/rLDeh70xJ7,2021-01-20 03:36:09,0.0,0.0,0.0,0.0,28b9063fdce43645,2789414779.0,Marunouchi_dent,1795.0,162477.0,丸の内歯科医師 / 骨格アンナチュラル / ロエベ冬 / スペ112,カフェベロチュー,1,20,3
84260,85775,2245,2201,I'm at ecute 京葉ストリート in 千代田区 東京都 https://t.co/hvNK2AfVDp,2021-01-20 03:35:59,0.0,0.0,0.0,0.0,28b9063fdce43645,97877512.0,SOCIO13385,2128.0,438540.0,ラーメンをはじめ麺類(但し冷麺を除く)と麦酒が好物の10年SOCIO(2012年時点)のＦＣ東京サポです。人生の半分を東京で過ごしております(@￣ρ￣@),生誕地横浜市中区→本籍地磯子区→生育地金沢区→中央区→墨田区,1,20,3
84261,85776,2246,2202,なう (@ 東京駅 in 千代田区 東京都) https://t.co/unkuiAZj8s,2021-01-20 03:35:24,0.0,0.0,1.0,0.0,28b9063fdce43645,149812061.0,petersaka,1413.0,150126.0,VTuber落単留四→@rakutan_ryuji黒歴史→https://t.co/OwpFzjRjYOnote始めました→https://t.co/hbgJw5hBJg アイコンは @UshiPeaceful さん作,米国→大都会岡山→大阪の北の方↔東京の西の方,1,20,3
84262,85777,2247,2203,I'm at 東海道新幹線 東京駅 in 千代田区 東京都 https://t.co/Q4VrQopPQY,2021-01-20 03:35:23,0.0,0.0,0.0,0.0,28b9063fdce43645,3270234486.0,Live_tanoshi,190.0,49660.0,,,1,20,3
84263,85778,2248,2204,帰阪します (@ 東海道新幹線 東京駅 in 千代田区 東京都) https://t.co/dvSoXniwI6,2021-01-20 03:35:05,0.0,0.0,0.0,0.0,28b9063fdce43645,2831285216.0,itachan_itayo,398.0,48063.0,何度だって立ち上がる背中はきっとずっと何よりも綺麗だ,楽しみな場所,1,20,3
84264,85779,2249,2205,業務終了。🐸 (@ JR Tokyo Station - @jreast_official in 千代田区 東京都) https://t.co/mUScv0id3K https://t.co/Vs4tUPuhBv,2021-01-20 03:34:54,0.0,0.0,0.0,0.0,28b9063fdce43645,259301447.0,shaho_maru,759.0,149293.0,Early 30's；Ph.D (2019)；Valedictoria (2019)；JSME Miura Award (2013)；Occupations：Univ. Assoc. Prof.，Researcher；Cars：RC300h，ES300h，Hayabusa； Updated Nov. 22th '22,Osaka，Tokyo,1,20,3
84265,85780,2250,2206,帰ります。ありがとう東京。次来るのはワクチン接種後ですね。 (@ 東海道新幹線 東京駅 in 千代田区 東京都) https://t.co/OKbfDIUinH,2021-01-20 03:34:47,0.0,0.0,0.0,0.0,28b9063fdce43645,106096599.0,chryblsm,525.0,69359.0,My favorites : =LOVE、≠ME、≒JOY、白キャン、なんキニ、Pimm’s、青セカ、ぺろりん先生、殿堂入り：ひろしまMAPLE★S、AeLL.,Japan,1,20,3
84266,85781,2251,2207,名古屋に出稼ぎに行きます😊 (@ 東海道新幹線 東京駅 in 千代田区 東京都) https://t.co/zTQt5hPDN5 https://t.co/OLsxsj8OW6,2021-01-20 03:34:44,0.0,0.0,0.0,0.0,28b9063fdce43645,2251387002.0,K2Back,823.0,36381.0,PIKOとアイドルと劇場公演を愛しています。人の顔や名前を覚えるのが苦手で現場で挨拶してる方でも実は知らなかったりしますが気長にお付き合いいただければ嬉しいです。,,1,20,3
84267,85782,2252,2208,また月末、東京来ます！ (@ 東北新幹線 東京駅 in 千代田区 東京都) https://t.co/wOtzz9G4xx,2021-01-20 03:34:44,0.0,0.0,2.0,0.0,28b9063fdce43645,106422425.0,the_stranglers,2027.0,28451.0,プロ競技麻雀団体RMU、B級ライセンスプロ。令昭位戦B1リーグ。時々雀シティ期間限定プロ。2012RMU CUP優勝☆2013GPC千葉第3期準優勝/最高得点賞/ベスト3節賞☆第2期千葉選抜リーグ優勝☆日刊スポーツ杯スリアロCS2017 5月度優勝JRA競馬番組表理論支持。明大政経。長崎→東京→新潟→千葉→郡山,福島 郡山市,1,20,3
84268,85783,2253,2209,I'm at 東北新幹線 東京駅 in 千代田区 東京都 https://t.co/NpeK7EMj03,2021-01-20 03:34:43,0.0,0.0,0.0,0.0,28b9063fdce43645,2599759728.0,bokura605,1009.0,61965.0,BiSH…‼️@GUMi_BiSH #モモコさんかわいい ＃はのんまゆ ＃ライカ ＃点点 ＃日向まお #森乃ゆめは #ほしなりん #ひなたゆま #十味 #三雲なつみ https://t.co/o5cIHVUbM9,メロンソーダ飲ませてあげたい,1,20,3
84269,85784,2254,2210,I'm at JR 東京駅 - @jreast_official in 千代田区 東京都 https://t.co/Fy0ZwqbwF3 https://t.co/2BgxshNXul,2021-01-20 03:34:43,0.0,0.0,9.0,0.0,28b9063fdce43645,2332997114.0,re_u_ru,2018.0,278520.0,,ちきう,1,20,3
84270,85785,2255,2211,I'm at 東海道新幹線 東京駅 in 千代田区 東京都 https://t.co/Kf9RzJjx74,2021-01-20 03:34:41,0.0,0.0,0.0,0.0,28b9063fdce43645,185563635.0,kaisokusuruga,1221.0,165200.0,車(IS)/アイドル/モータースポーツ/カメラ(Z9)/鉄道/野球,shizuoka,1,20,3
84271,85786,2256,2212,I'm at 東海道新幹線 東京駅 in 千代田区 東京都 https://t.co/oDqJwK3EA7,2021-01-20 03:34:40,0.0,0.0,0.0,0.0,28b9063fdce43645,2599759728.0,bokura605,1009.0,61965.0,BiSH…‼️@GUMi_BiSH #モモコさんかわいい ＃はのんまゆ ＃ライカ ＃点点 ＃日向まお #森乃ゆめは #ほしなりん #ひなたゆま #十味 #三雲なつみ https://t.co/o5cIHVUbM9,メロンソーダ飲ませてあげたい,1,20,3
84272,85787,2257,2213,I'm at 大丸 東京店 - @daimarutokyo in 千代田区 東京都 https://t.co/nXrSohFBRO https://t.co/Af9n9HtV7r,2021-01-20 03:34:40,0.0,0.0,9.0,0.0,28b9063fdce43645,2332997114.0,re_u_ru,2018.0,278520.0,,ちきう,1,20,3
84273,85788,2258,2214,I'm at 東京駅 in 千代田区 東京都 https://t.co/0dXj1JYjH1,2021-01-20 03:34:32,0.0,0.0,0.0,0.0,28b9063fdce43645,2252329446.0,grstchan,135.0,43920.0,やりたいことに妥協しない2023,,1,20,3
84274,85789,2259,2215,東海道線に乗り換え (@ JR 東京駅 - @jreast_official in 千代田区 東京都) https://t.co/Ag76B24Fsq,2021-01-20 03:34:17,0.0,0.0,0.0,0.0,28b9063fdce43645,1396874545.0,metro_Hibiya07,2779.0,295554.0,不思議のワルツと夢見るハート。ツイフィール（https://t.co/jRVFeXYLTP）,湘南自治区,1,20,3
84275,85790,2260,2216,I'm at JR 東京駅 - @jreast_official in 千代田区 東京都 https://t.co/589OdvVoLn,2021-01-20 03:34:16,0.0,0.0,0.0,0.0,28b9063fdce43645,127426113.0,sp9611,1634.0,75258.0,📝すまほん!!ライター。 写真やガジェット関係のツイートが多め。 📸α7 RⅢ/Hasselblad 503CX/Phantom 4 Pro V2.0 🎮PS5/Switch/Oculus 📱iPhone 14 Pro/CBR400R,東京都千代田区,1,20,3
84276,85791,2261,2217,I'm at 東海道新幹線 東京駅 in 千代田区 東京都 https://t.co/uisBPpUlSu,2021-01-20 03:34:15,0.0,0.0,0.0,0.0,28b9063fdce43645,127426113.0,sp9611,1634.0,75258.0,📝すまほん!!ライター。 写真やガジェット関係のツイートが多め。 📸α7 RⅢ/Hasselblad 503CX/Phantom 4 Pro V2.0 🎮PS5/Switch/Oculus 📱iPhone 14 Pro/CBR400R,東京都千代田区,1,20,3
84277,85792,2262,2218,I'm at 東京駅 in 千代田区 東京都 https://t.co/PIGHYbwnAq https://t.co/jIsbZQgbUG,2021-01-20 03:34:15,2.0,0.0,0.0,0.0,28b9063fdce43645,230657584.0,salmonjp0130,1675.0,197654.0,鉄道/バス/音楽(特にクラシック)が大好きです。よろしくお願いいたします。mixi・国盗り合戦・コロプラユーザーです。,またまた千葉市,1,20,3
84278,85793,2263,2219,I'm at 東京駅 in 千代田区 東京都 https://t.co/8cQxCLCGYf,2021-01-20 03:34:10,0.0,0.0,0.0,0.0,28b9063fdce43645,277024032.0,ro667_mn,1365.0,237955.0,インターネットやめろ,,1,20,3
84279,85794,2264,2220,帰ります！ (@ 東海道新幹線 東京駅 in 千代田区 東京都) https://t.co/wswkTzUtl1,2021-01-20 03:34:05,0.0,0.0,0.0,0.0,28b9063fdce43645,1.3042707694262927e+18,mmmmmmkknn,310.0,20086.0,,,1,20,3
84280,85795,2265,2221,I'm at 東京駅 in 千代田区 東京都 https://t.co/he9CxpTdYu,2021-01-20 03:33:58,0.0,0.0,0.0,0.0,28b9063fdce43645,1.081221250041602e+18,GN05_,161.0,42545.0,@maaa_aaa02 / Nikon / ANA SFC / JAL JGC / しろたん / のるるん,まあかの隣,1,20,3
84281,85796,2266,2222,休日カレー (@ インデアンカレー in 千代田区 東京都) https://t.co/OuPOM8i4oY,2021-01-20 03:33:53,0.0,0.0,0.0,0.0,28b9063fdce43645,60888208.0,do_black,764.0,159419.0,コンカフェアイドルおじ。アルカナビス/コンカフェ/=LOVE/≠ME/音ゲー(SDVX乃木フェスあんスタ)/坂道/酒/colette/yuuri/💙🌎🫐🦋💤 /LINE ID:do_black る！いー！,フラヌイ温泉,1,20,3
84282,85797,2267,2223,I'm at プリズムストーン - @prismstone_ts in 千代田区 東京都 https://t.co/qKSGxtWY2V,2021-01-20 03:33:52,0.0,0.0,0.0,0.0,28b9063fdce43645,1.0543602558307164e+18,gdgd001129,299.0,61123.0,でかす☪🐾 #440FACTORY,わんわんおーこく,1,20,3
84283,85798,2268,2224,I'm at 東京駅 in 千代田区 東京都 https://t.co/HCIsSbTmeC,2021-01-20 03:33:48,0.0,0.0,0.0,0.0,28b9063fdce43645,1.0543602558307164e+18,gdgd001129,299.0,61123.0,でかす☪🐾 #440FACTORY,わんわんおーこく,1,20,3
84284,85799,2269,2225,I'm at 八重洲中央口 - @jreast_official in 千代田区 東京都 https://t.co/TeHW3Advyl,2021-01-20 03:33:46,0.0,0.0,1.0,0.0,28b9063fdce43645,59769860.0,blast2630,5254.0,737296.0,【着ぐるみ】 【QMA（協力）】 【ポケモン】 【ケモノ・ドラゴン】 アイコンはかなり激しく入れ替わるよ！ （Rolling icon使用→ https://t.co/NSbZ2eMK4a ）,100円2クレほぼ山梨校,1,20,3
84285,85800,2270,2226,I'm at プリズムストーン - @prismstone_ts in 千代田区 東京都 https://t.co/w3wOAuQfVA,2021-01-20 03:33:46,0.0,0.0,1.0,0.0,28b9063fdce43645,1.0006542469187663e+18,myon_rikya,402.0,32650.0,I live I live Love Live！days！！,愛知,1,20,3
84286,85801,2271,2227,I'm at ポケモンセンタートウキョーDX - @pokemon_cojp in 中央区 東京都 https://t.co/AVBndp5HBK,2021-01-20 03:33:43,0.0,0.0,2.0,0.0,735b6f2b933efaf6,59769860.0,blast2630,5254.0,737296.0,【着ぐるみ】 【QMA（協力）】 【ポケモン】 【ケモノ・ドラゴン】 アイコンはかなり激しく入れ替わるよ！ （Rolling icon使用→ https://t.co/NSbZ2eMK4a ）,100円2クレほぼ山梨校,1,20,3
84287,85802,2272,2228,I'm at 東京駅 in 千代田区 東京都 https://t.co/J73BAxgAWX,2021-01-20 03:33:26,0.0,0.0,0.0,0.0,28b9063fdce43645,1047707186.0,P_NMNM,208.0,41555.0,『ありがとう、ばいばい、またね、おやすみ。』,ここじゃないどこか,1,20,3
84288,85803,2273,2229,I'm at 東京駅 in 千代田区 東京都 https://t.co/rPqg3bS6LS,2021-01-20 03:33:21,0.0,0.0,0.0,0.0,28b9063fdce43645,7.475810045256663e+17,s2_38_cbsf,1574.0,20874.0,151cmライダー/トラガール/CB1300SF/刀1100S/KLX125/林道/キャンプ/熱帯魚＆リズレ🐈＆ロゼ🐕‍🦺(🐾: @pinkyllenn),埼玉⇒静岡,1,20,3
84289,85804,2274,2230,I'm at 東京駅 in 千代田区 東京都 https://t.co/Z8mrAZkdmN,2021-01-20 03:33:20,0.0,0.0,0.0,0.0,28b9063fdce43645,7.776927429440756e+17,yoppi_cheese,275.0,94279.0,🪦←東京国際フォーラム　ホールA,#サマチョコ泥酔部,1,20,3
84290,85805,2275,2231,I'm at 丸の内地下中央口 - @jreast_official in 千代田区 東京都 https://t.co/ixkaXz6sGS,2021-01-20 03:33:09,0.0,0.0,0.0,0.0,28b9063fdce43645,1524583459.0,AirRapid_HE433,3458.0,185397.0,モノを撮る時はサクッと円滑に。京成線/JR西/成田フライト/バンドリ121/ハチナイA2/グルミク14,❮SY13❯舞子公園(兵庫県 神戸市),1,20,3
84291,85806,2276,2232,こんにちは (@ 東京駅 in 千代田区 東京都) https://t.co/lBmdHIHKqM,2021-01-20 03:33:04,0.0,0.0,0.0,0.0,28b9063fdce43645,302072957.0,tmliner,1318.0,397089.0,ポジティブが溢れだすっ！ネコやめてないってよ🐈,西木野総合病院にこ科,1,20,3
84292,85807,2277,2233,I'm at 雷 東京本丸店 in 千代田区 東京都 w/ @uryadoii https://t.co/l3RL70OWQV,2021-01-20 03:33:02,0.0,0.0,0.0,0.0,28b9063fdce43645,8.594046373460294e+17,mahiru_35p,450.0,12646.0,🌸@sakuramiko35🌸,,1,20,3
84293,85808,2278,2234,I'm at 京葉線 東京駅 in 千代田区 東京都 https://t.co/VO933FcNu4,2021-01-20 03:33:00,0.0,0.0,0.0,0.0,28b9063fdce43645,1.081221250041602e+18,GN05_,161.0,42545.0,@maaa_aaa02 / Nikon / ANA SFC / JAL JGC / しろたん / のるるん,まあかの隣,1,20,3
84294,85809,2279,2235,I'm at 東京駅 in 千代田区 東京都 https://t.co/nH00jIa6ro,2021-01-20 03:32:55,0.0,0.0,0.0,0.0,28b9063fdce43645,1.081221250041602e+18,GN05_,161.0,42545.0,@maaa_aaa02 / Nikon / ANA SFC / JAL JGC / しろたん / のるるん,まあかの隣,1,20,3
84295,85810,2280,2236,I'm at Nippon Ramen 凛 RIN Tokyo in 千代田区 東京都 https://t.co/F9KqTf4MR4,2021-01-20 03:32:55,0.0,0.0,0.0,0.0,28b9063fdce43645,330292303.0,TcE531_3,337.0,38260.0,すきなもの…旅行/野球/ロッテ/F1/のりもの/ガンダム/ちょっぴり坂道/梅澤美波,,1,20,3
84296,85811,2281,2237,I'm at 東京駅 in 千代田区 東京都 https://t.co/hurDbrnY0V,2021-01-20 03:32:54,0.0,0.0,0.0,0.0,28b9063fdce43645,173031557.0,key_0608,550.0,139719.0,アニメとアニソン、たまにゲーム。 PENGUIN RESEARCH/ASCA/TRUE/鈴木このみ/伊藤美来/京都アニメーション/Dance Dance Revolution/ポケモン,Gifu⇔Kanagawa,1,20,3
84297,85812,2282,2238,I'm at 東海道新幹線 東京駅 in 千代田区 東京都 https://t.co/wYNpJmEKeW,2021-01-20 03:32:53,0.0,0.0,0.0,0.0,28b9063fdce43645,173031557.0,key_0608,550.0,139719.0,アニメとアニソン、たまにゲーム。 PENGUIN RESEARCH/ASCA/TRUE/鈴木このみ/伊藤美来/京都アニメーション/Dance Dance Revolution/ポケモン,Gifu⇔Kanagawa,1,20,3
84298,85813,2283,2239,#みりらーめん (@ 雷 東京本丸店 in 千代田区 東京都) https://t.co/DloT9ftw7b,2021-01-20 03:32:51,0.0,0.0,0.0,0.0,28b9063fdce43645,9.207748847408372e+17,URyadoii,1137.0,29968.0,≠ME　ピアノ　読書　Notion　バイオハザードRE:4,,1,20,3
84299,85814,2284,2240,I'm at 杜の都 太助 in 中央区 東京都 https://t.co/sO5BznBOxn,2021-01-20 03:32:47,0.0,0.0,0.0,0.0,735b6f2b933efaf6,358166574.0,Hama_3,214.0,16077.0,ただのゲーム好きのおっさんです。,,1,20,3
84300,85816,2286,2241,I'm at JR 東京駅 - @jreast_official in 千代田区 東京都 https://t.co/zWgz9daMXk,2021-01-20 03:32:44,0.0,0.0,0.0,0.0,28b9063fdce43645,1.081221250041602e+18,GN05_,161.0,42545.0,@maaa_aaa02 / Nikon / ANA SFC / JAL JGC / しろたん / のるるん,まあかの隣,1,20,3
84301,85817,2287,2242,踊り子号が入線してきた (@ 7-8番線ホーム in 千代田区 東京都) https://t.co/JL8IepkFUy https://t.co/6nYoMaeLM5,2021-01-20 03:32:40,0.0,0.0,0.0,0.0,28b9063fdce43645,101396715.0,jutchie,564.0,49116.0,じゅっちぃです。　よろしく(＾ω＾)ノ,茨城県結城市,1,20,3
84302,85818,2288,2243,I'm at 東京ステーションギャラリー in 千代田区 東京都 https://t.co/J8bZZINQtc,2021-01-20 03:32:39,0.0,0.0,0.0,0.0,28b9063fdce43645,190888580.0,wara_dsk,213.0,11566.0,水関係、HR、音楽、本、映画、アート中心の日々の泡,tokyo ,1,20,3
84303,85819,2289,2244,水戸に向かいます (@ JR 東京駅 - @jreast_official in 千代田区 東京都) https://t.co/PBspo7U40h https://t.co/Jl4h3HQgsN,2021-01-20 03:32:31,0.0,0.0,0.0,0.0,28b9063fdce43645,101396715.0,jutchie,564.0,49116.0,じゅっちぃです。　よろしく(＾ω＾)ノ,茨城県結城市,1,20,3
84304,85820,2290,2245,I'm at 有楽町線 有楽町駅 - @y_line_info in 千代田区 東京都 https://t.co/rIaluPVx5a,2021-01-20 03:32:29,0.0,0.0,0.0,0.0,28b9063fdce43645,134873405.0,cyo_bin,607.0,147902.0,オッサンの皮を被った老害オタク。細々と凛カレ継続中。今の全力はFGOとプリコネとウマ娘。特撮全般/80～90年代OVA/深夜アニメ全般/プリキュア/ときメモ/つよきす/まじこい/アイマス(765・デレ)/スパロボ/ゴ魔乙/型月/MCU/コミケ/ワンフェス/ガンプラ/ディズニーリゾート/クロスバイク,東京都杉並区,1,20,3
84305,85821,2291,2246,帰ります (@ 東北新幹線 東京駅 in 千代田区 東京都) https://t.co/ezpJ7aVohe https://t.co/oAA2WdSM1S,2021-01-20 03:32:20,0.0,0.0,0.0,0.0,28b9063fdce43645,14914977.0,ikeda_seitaro,453.0,92488.0,住居遍歴：宮城→大阪→兵庫→宮城→東京→名古屋→東京→宮城その他、出張やなんやで日本全国を飛び回っております。文章と音楽と日本語をこよなく愛するネットワークメインの情報インフラ屋。神社巡りや滝見、哲学あたりが趣味。「関わり」や「集団」が苦手。世界は残酷で、でも優しくて美しい。ラブ・アンドピース✌️,宮城 仙台市 太白区,1,20,3
84306,85822,2292,2247,I'm at 1-2番線ホーム in 千代田区 東京都 https://t.co/OEykuHoIPi,2021-01-20 03:32:06,0.0,0.0,0.0,0.0,28b9063fdce43645,62218986.0,upappi,507.0,148040.0,意識低い系内科系開業医。医師会学術担当理事やってます。頚椎椎間板ヘルニア持ち。節分生まれGのチ○コ好き。 4C spider/RX-8/595C Pista/乗り鉄/模型鉄/歌舞伎/Nikon党/ski/Mac/iPhone/Belgian Beer/かわいい♂/相方アリ/いわゆる組合員は基本的にフォロー。,東京,1,20,3
84307,85823,2293,2248,I'm at グランスタ東京 - @gransta_jp in 千代田区 東京都 https://t.co/8nXfptm1m3,2021-01-20 03:32:00,0.0,0.0,0.0,0.0,28b9063fdce43645,62218986.0,upappi,507.0,148040.0,意識低い系内科系開業医。医師会学術担当理事やってます。頚椎椎間板ヘルニア持ち。節分生まれGのチ○コ好き。 4C spider/RX-8/595C Pista/乗り鉄/模型鉄/歌舞伎/Nikon党/ski/Mac/iPhone/Belgian Beer/かわいい♂/相方アリ/いわゆる組合員は基本的にフォロー。,東京,1,20,3
84308,85824,2294,2249,I'm at 東京駅 in 千代田区 東京都 https://t.co/f4UDkn3JVK,2021-01-20 03:32:00,0.0,0.0,0.0,0.0,28b9063fdce43645,62218986.0,upappi,507.0,148040.0,意識低い系内科系開業医。医師会学術担当理事やってます。頚椎椎間板ヘルニア持ち。節分生まれGのチ○コ好き。 4C spider/RX-8/595C Pista/乗り鉄/模型鉄/歌舞伎/Nikon党/ski/Mac/iPhone/Belgian Beer/かわいい♂/相方アリ/いわゆる組合員は基本的にフォロー。,東京,1,20,3
84309,85825,2295,2250,I'm at 東京駅 in 千代田区 東京都 https://t.co/qEBM2PsvD7,2021-01-20 03:31:54,0.0,0.0,0.0,0.0,28b9063fdce43645,1371665556.0,Osaka_I14V3,86.0,141239.0,シンフォギア/アサルトリリィ(安藤鶴紗・二川二水etc…) 東西南北のどこかへ旅鉄してたりする暇人。高頻度でキツい毒吐きます,群馬→埼玉,1,20,3
84310,85826,2296,2251,穴子飯！ここのが一番美味しいと思ってる。焼きと蒸しの2種が楽しめて出汁のお茶づけも楽しめる。神 (@ 日本橋 玉ゐ in 中央区 東京都) https://t.co/k0w4O0qEoN,2021-01-20 03:31:54,0.0,0.0,0.0,0.0,735b6f2b933efaf6,220230712.0,bananasun90,1367.0,47169.0,ネロ大好きのローマ市民！ウイスキーやお酒、オーディオピュア民、ゲーム、アニメ好き。 (そして若干の2.5次元、男性審神者) 素敵なアイコンとヘッダーは@mymother_bijin,日本ローマ帝国,1,20,3
84311,85827,2297,2252,I'm at JR高速バスのりば in 千代田区 東京都 https://t.co/tqJ1y1McQK,2021-01-20 03:31:49,0.0,0.0,0.0,0.0,735b6f2b933efaf6,348857020.0,AQT0602,2007.0,250874.0,今年も石田千穂さん(STU48)ですね。あとサウナとビールも。【2023.01.01更新】https://t.co/NujfYy9Ckx,静岡県在住,1,20,3
84312,85828,2298,2253,I'm at 日本橋駅 in 中央区 東京都 https://t.co/msVkOuqPrk,2021-01-20 03:31:44,0.0,0.0,0.0,0.0,735b6f2b933efaf6,140838642.0,ritsu_oji,528.0,290585.0,「けいおん！」の田井中律ちゃんをこよなく愛する。RT多いのでミュートご自由にどうぞ。 ◆このアカウントはフィクションです◆ 乗り鉄/りっちゃん隊員/ℒℴνℯℒíνℯr/まいてつはいいぞ,御一夜鉄道労働組合評議委員,1,20,3
84313,85829,2299,2254,I'm at プリズムストーン - @prismstone_ts in 千代田区 東京都 https://t.co/05YRVTcELj,2021-01-20 03:31:11,0.0,0.0,0.0,0.0,28b9063fdce43645,1.0006542469187663e+18,myon_rikya,402.0,32650.0,I live I live Love Live！days！！,愛知,1,20,3
84314,85830,2300,2255,I'm at 東京駅 in 千代田区 東京都 https://t.co/Uk632kVe2F,2021-01-20 03:31:07,0.0,0.0,0.0,0.0,28b9063fdce43645,1.0006542469187663e+18,myon_rikya,402.0,32650.0,I live I live Love Live！days！！,愛知,1,20,3
84315,85831,2301,2256,乗り換え (@ JR 東京駅 - @jreast_official in 千代田区 東京都) https://t.co/N4FZtDgH6q,2021-01-20 03:31:06,0.0,0.0,0.0,0.0,28b9063fdce43645,1396874545.0,metro_Hibiya07,2779.0,295554.0,不思議のワルツと夢見るハート。ツイフィール（https://t.co/jRVFeXYLTP）,湘南自治区,1,20,3
84316,85832,2302,2257,🚃到着🚃 (@ 9-10番線ホーム in 千代田区 東京都) https://t.co/SGtQ4shdJf https://t.co/JoJjihgzjX,2021-01-20 03:31:01,0.0,0.0,0.0,0.0,28b9063fdce43645,101396715.0,jutchie,564.0,49116.0,じゅっちぃです。　よろしく(＾ω＾)ノ,茨城県結城市,1,20,3
84317,85833,2303,2258,I'm at 東海道新幹線 東京駅 in 千代田区 東京都 https://t.co/vF6b5aAhLo,2021-01-20 03:31:01,0.0,0.0,0.0,0.0,28b9063fdce43645,2251387002.0,K2Back,823.0,36381.0,PIKOとアイドルと劇場公演を愛しています。人の顔や名前を覚えるのが苦手で現場で挨拶してる方でも実は知らなかったりしますが気長にお付き合いいただければ嬉しいです。,,1,20,3
84318,85834,2304,2259,ガラーン (@ 団体待合所（学生用） in 千代田区 東京都) https://t.co/T9wpocN0LN https://t.co/61cRmFwsS2,2021-01-20 03:30:51,0.0,0.0,4.0,0.0,28b9063fdce43645,45284903.0,piroko42,1258.0,176084.0,野球好き。ロッテ。鹿に似ている,埼玉,1,20,3
84319,85835,2305,2260,I'm at 喫茶室ルノアール in 中央区 東京都 https://t.co/HEM4Ef67Hb,2021-01-20 03:30:09,0.0,0.0,0.0,0.0,735b6f2b933efaf6,128642474.0,ori427,172.0,58792.0,2022年10月より、電気保守見習い。,神奈川県 湘南エリア,1,20,3
84320,85836,2306,2261,I'm at JR 東京駅 - @jreast_official in 千代田区 東京都 https://t.co/xtPhFP9pMp,2021-01-20 03:29:46,0.0,0.0,0.0,0.0,28b9063fdce43645,8.274120252528108e+17,tamagawa_izm,702.0,108387.0,酒呑んだりカワイイが大好きでラジオ聴きだったり自由気ままにやってます。アイコンはほていちゃんの絵師(はるさん)から許可済です。 #ほてい神 (ほていちゃんの従業員ではありません) #モヤたま #京ミク 63女ロミたん つじ田LOVER。ヘッダーは本気出した本人です。瓶ビールは大人の義務教育。,一応神戸生まれ(転勤族)→ヨコハマ(つるがみね),1,20,3
84321,85837,2307,2262,I'm at 横須賀・総武快速線 東京駅 in 千代田区 東京都 https://t.co/1HwfiWAvGS,2021-01-20 03:29:46,0.0,0.0,0.0,0.0,28b9063fdce43645,8.274120252528108e+17,tamagawa_izm,702.0,108387.0,酒呑んだりカワイイが大好きでラジオ聴きだったり自由気ままにやってます。アイコンはほていちゃんの絵師(はるさん)から許可済です。 #ほてい神 (ほていちゃんの従業員ではありません) #モヤたま #京ミク 63女ロミたん つじ田LOVER。ヘッダーは本気出した本人です。瓶ビールは大人の義務教育。,一応神戸生まれ(転勤族)→ヨコハマ(つるがみね),1,20,3
84322,85838,2308,2263,帰宅 (@ プリキュア プリティストア - @pps_as in 千代田区 東京都) https://t.co/pyRK1Uuhel,2021-01-20 03:29:39,0.0,0.0,2.0,0.0,28b9063fdce43645,131797411.0,tsunderu,1983.0,710252.0,折原 伊桜ちゃん（@io_nightowl）/折原屋さん/ナイトオウラー/釣り/魚/ライトロック/カサゴ/キジハタ/タケノコメバル/自転車/ODSer/津市/不眠/おでん/ツインテ/膝/キラキラOL/微笑むペプラム/I've/ア/蘭/汐りん/えいたそ/ネリ/わか/リス子/あきほ/星島/こはる/うるむ/あんちゅ/やよい/,インスタフォローしてください。,1,20,3
84323,85839,2309,2264,I'm at 鍛冶橋駐車場バス停 in 千代田区 東京都 https://t.co/LY4BFI8khP,2021-01-20 03:29:37,0.0,0.0,0.0,0.0,735b6f2b933efaf6,1706876556.0,ozone_milkytom,1530.0,400621.0,欲バリセンセーションの現場にいたりいなかったりしました。廣川かのん(@kanon_barisen)さん/柳木みりさん/大橋彩香さん/鈴木このみさん/ミルキィホームズ/中日ドラゴンズ/たまにアニソン原曲でDJしたりもします。next→,愛知県名古屋市,1,20,3
84324,85840,2310,2265,お疲れ様でした。 (@ 東京駅 in 千代田区 東京都) https://t.co/WK6fDkKKzp https://t.co/PMTXGnvJpV,2021-01-20 03:29:37,0.0,0.0,1.0,0.0,28b9063fdce43645,196568885.0,act_persona,1836.0,94105.0,月の裏側で踊り明かしましょう アイコン @kurotoyu816,Summer Tears Diary,1,20,3
84325,85841,2311,2266,I'm at 東海道新幹線 東京駅 in 千代田区 東京都 https://t.co/gTYde8bo1R,2021-01-20 03:29:35,0.0,0.0,0.0,0.0,28b9063fdce43645,185563635.0,kaisokusuruga,1221.0,165200.0,車(IS)/アイドル/モータースポーツ/カメラ(Z9)/鉄道/野球,shizuoka,1,20,3
84326,85842,2312,2267,I'm at 東京駅 in 千代田区 東京都 https://t.co/CghhHKJy1O,2021-01-20 03:29:27,0.0,0.0,1.0,0.0,28b9063fdce43645,131797411.0,tsunderu,1983.0,710252.0,折原 伊桜ちゃん（@io_nightowl）/折原屋さん/ナイトオウラー/釣り/魚/ライトロック/カサゴ/キジハタ/タケノコメバル/自転車/ODSer/津市/不眠/おでん/ツインテ/膝/キラキラOL/微笑むペプラム/I've/ア/蘭/汐りん/えいたそ/ネリ/わか/リス子/あきほ/星島/こはる/うるむ/あんちゅ/やよい/,インスタフォローしてください。,1,20,3
84327,85843,2313,2268,I'm at 東海道新幹線 東京駅 in 千代田区 東京都 https://t.co/hAG73AJBBu,2021-01-20 03:28:34,0.0,0.0,0.0,0.0,28b9063fdce43645,231335521.0,HORINORU3,1176.0,306395.0,宮崎由加さんめっちゃ贔屓！ハロプロ(Juice=Juiceめっちゃ贔屓)・Ｐｅｒｆｕｍｅ・渡辺美里　乗り物全般・競馬（中央・地方）が好きな人。アイコンは宮崎由加さんに書いて頂いた私です。,東京の路面電車が走っている街,1,20,3
84328,85844,2314,2269,I'm at 東海道新幹線 東京駅 in 千代田区 東京都 https://t.co/71laZCd1RK,2021-01-20 03:28:25,0.0,0.0,0.0,0.0,28b9063fdce43645,7.475810045256663e+17,s2_38_cbsf,1574.0,20874.0,151cmライダー/トラガール/CB1300SF/刀1100S/KLX125/林道/キャンプ/熱帯魚＆リズレ🐈＆ロゼ🐕‍🦺(🐾: @pinkyllenn),埼玉⇒静岡,1,20,3
84329,85845,2315,2270,I'm at 東京駅 in 千代田区 東京都 https://t.co/B71hkL00nv,2021-01-20 03:28:02,0.0,0.0,0.0,0.0,28b9063fdce43645,144555209.0,KappaIII,388.0,16573.0,F&M,,1,20,3
84330,85846,2316,2271,I'm at 東西線 日本橋駅 - @t_line_info in 中央区 東京都 https://t.co/zA9omA8GvE,2021-01-20 03:28:00,0.0,0.0,0.0,0.0,735b6f2b933efaf6,2849461135.0,Oo_ClsT_oO,411.0,66848.0,beatmania IIDX 中伝 #しゃろんずきっちん,神奈川→千葉,1,20,3
84331,85847,2317,2272,I'm at グランスタ東京 in 千代田区 東京都 https://t.co/YCPaKhqI5h,2021-01-20 03:27:56,0.0,0.0,0.0,0.0,28b9063fdce43645,144555209.0,KappaIII,388.0,16573.0,F&M,,1,20,3
84332,85848,2318,2273,I'm at 東京駅 in 千代田区 東京都 https://t.co/K8JlxZ0jNF,2021-01-20 03:27:53,0.0,0.0,0.0,0.0,28b9063fdce43645,98891949.0,moccax,1556.0,507320.0,思い出は未来のなかに/WUG!/アイカツ!/i☆Ris/DIALOGUE+/TRUE/MONACA/堀江由衣/フィロソフィーのダンス/宮野弦士/Appare!/MT-09TRACER(2015)/818.0/2019.3.8/kyash: chaoz #We_are_the_Feru,ドリームアカデミー,1,20,3
84333,85849,2319,2274,I'm at 東京駅 in 千代田区 東京都 https://t.co/MhLJvxOO8t,2021-01-20 03:27:37,0.0,0.0,0.0,0.0,28b9063fdce43645,116420574.0,MM_7105F,1648.0,247190.0,☀️🏡佐藤遥/Symdolick🛸氷ノ黎/notall💙新田清乃/SOMOSOMO🌕ツクヨミケイコ/マジスイ芸人/水樹奈々/ けものフレンズ/けもフレがーでん/ビッカメ娘/鉄道/平日休み/#カルピス軍団 @ナイセン団,フリ素ではないです🙅🏻‍♂️🙅🏻‍♂️🙅🏻‍♂️,1,20,3
84334,85850,2320,2275,I'm at 東海道新幹線 東京駅 in 千代田区 東京都 https://t.co/NIx2UdPV5j,2021-01-20 03:27:06,0.0,0.0,0.0,0.0,28b9063fdce43645,178374610.0,sakuya_105,204.0,17515.0,20↑♀ 岡宮来夢 / SKE48斉藤真木子 / 小説/ アニメ/ 沼が多すぎる/ 執事の館に帰宅したい/審神者はじめました 刀ミュ沼 ミュは鶴・まんば・安定推し *創作関係は@ayame_yuhka まで,夢の片隅（・ω・）,1,20,3
84335,85851,2321,2276,イワシの大きさと鮮度が驚きの良さ (@ 回転寿司 羽田市場 in 千代田区 東京都) https://t.co/AXz3B63VMp,2021-01-20 03:26:53,0.0,0.0,1.0,0.0,28b9063fdce43645,110968607.0,qwertyfujiko,1138.0,49394.0,労働は概念 アイコンは@yuni_baniさんより,北千住,1,20,3
84336,85852,2322,2277,I'm at 東京駅 in 千代田区 東京都 https://t.co/MT97UaZm6a,2021-01-20 03:26:50,0.0,0.0,0.0,0.0,28b9063fdce43645,1633134696.0,Az_nico,1002.0,198143.0,将来の夢:猫 https://t.co/IW90bXhpSO,梓の隣,1,20,3
84337,85853,2323,2278,I'm at 東京スクエアガーデンパーキング in 中央区 東京都 https://t.co/VOG3A1gmgj,2021-01-20 03:26:46,0.0,0.0,0.0,0.0,735b6f2b933efaf6,226025535.0,kamekuma1223803,927.0,31453.0,佐藤優樹一推しのヲタク。主にモーニング娘。'22(小田さくら)をメインに中西香菜/谷本安美/伊勢鈴蘭/工藤由愛/石栗奏美の現場に現れます。北海道遠征の出現率高め。初現場は03年5月の娘SSA。娘。推し履歴:98-00市井紗耶香/00-03石川梨華/03-10亀井絵里/11-21佐藤優樹 (以上敬称略),東京の北多摩の片隅,1,20,3
84338,85854,2324,2279,I'm at 丸の内北口 - @jreast_official in 千代田区 東京都 https://t.co/i0js6mQX6Y https://t.co/oPuSPhumLP,2021-01-20 03:26:42,0.0,0.0,0.0,0.0,28b9063fdce43645,43494058.0,clomi9999,635.0,48501.0,I live in Tokyo.....Foursquare/Swarm/Twitter/EyeEm/Instagram/WoTCS;clomi9999,Tokyo/Japan,1,20,3
84339,85855,2325,2280,I'm at 東京スクエアガーデンパーキング in 中央区 東京都 https://t.co/TOvHW6wPFo,2021-01-20 03:26:37,0.0,0.0,0.0,0.0,735b6f2b933efaf6,226025535.0,kamekuma1223803,927.0,31453.0,佐藤優樹一推しのヲタク。主にモーニング娘。'22(小田さくら)をメインに中西香菜/谷本安美/伊勢鈴蘭/工藤由愛/石栗奏美の現場に現れます。北海道遠征の出現率高め。初現場は03年5月の娘SSA。娘。推し履歴:98-00市井紗耶香/00-03石川梨華/03-10亀井絵里/11-21佐藤優樹 (以上敬称略),東京の北多摩の片隅,1,20,3
84340,85856,2326,2281,Arv. (@ 京葉線 東京駅 in 千代田区 東京都) https://t.co/KWZ6IexycA,2021-01-20 03:26:31,0.0,0.0,0.0,0.0,28b9063fdce43645,1524583459.0,AirRapid_HE433,3458.0,185397.0,モノを撮る時はサクッと円滑に。京成線/JR西/成田フライト/バンドリ121/ハチナイA2/グルミク14,❮SY13❯舞子公園(兵庫県 神戸市),1,20,3
84341,85857,2327,2282,I'm at Hard Boiled Daydream in 千代田区 東京都 https://t.co/ZCkw38eKGx https://t.co/J26n6xEocS,2021-01-20 03:26:30,0.0,0.0,0.0,0.0,28b9063fdce43645,43494058.0,clomi9999,635.0,48501.0,I live in Tokyo.....Foursquare/Swarm/Twitter/EyeEm/Instagram/WoTCS;clomi9999,Tokyo/Japan,1,20,3
84342,85858,2328,2283,1894 Visions ルドン、ロートレック展  #1894Visions展 https://t.co/SAHupfRB37 (@ Mitsubishi Ichigokan Museum - @ichigokan_pr in 千代田区 東京都) https://t.co/5chPKBDO10,2021-01-20 03:26:28,0.0,0.0,0.0,0.0,28b9063fdce43645,116155176.0,NaoNani,1371.0,44979.0,1973年岡山生まれ。大学時代から7年間大阪暮らし。1999年より東京・神楽坂在住。寄席と映画の日々。時々バカンス。いつでも旅の途上です☆,Tokyo,1,20,3
84343,85859,2329,2284,ついた〜 (@ 東京駅 in 千代田区 東京都) https://t.co/XOO1TSDW4D https://t.co/9Ab5bAhHP4,2021-01-20 03:26:27,0.0,0.0,0.0,0.0,28b9063fdce43645,43494058.0,clomi9999,635.0,48501.0,I live in Tokyo.....Foursquare/Swarm/Twitter/EyeEm/Instagram/WoTCS;clomi9999,Tokyo/Japan,1,20,3
84344,85860,2330,2285,I'm at 雷 東京本丸店 in 千代田区 東京都 w/ @syunpaaaan https://t.co/nGoi1x2PpI,2021-01-20 03:26:24,0.0,0.0,0.0,0.0,28b9063fdce43645,2995044860.0,im__m83,442.0,84180.0,,あ,1,20,3
84345,85861,2331,2286,I'm at 丸の内仲通り in 千代田区 東京都 https://t.co/Yuchgj0w56 https://t.co/Bu2BMferzh,2021-01-20 03:26:24,0.0,0.0,0.0,0.0,28b9063fdce43645,43494058.0,clomi9999,635.0,48501.0,I live in Tokyo.....Foursquare/Swarm/Twitter/EyeEm/Instagram/WoTCS;clomi9999,Tokyo/Japan,1,20,3
84346,85862,2332,2287,I'm at JR 東京駅 - @jreast_official in 千代田区 東京都 https://t.co/iEcnZBEHyS,2021-01-20 03:26:20,0.0,0.0,0.0,0.0,28b9063fdce43645,8.274120252528108e+17,tamagawa_izm,702.0,108387.0,酒呑んだりカワイイが大好きでラジオ聴きだったり自由気ままにやってます。アイコンはほていちゃんの絵師(はるさん)から許可済です。 #ほてい神 (ほていちゃんの従業員ではありません) #モヤたま #京ミク 63女ロミたん つじ田LOVER。ヘッダーは本気出した本人です。瓶ビールは大人の義務教育。,一応神戸生まれ(転勤族)→ヨコハマ(つるがみね),1,20,3
84347,85863,2333,2288,I'm at E.Marinella Napoli 丸の内 in 千代田区 東京都 https://t.co/PpsWT3mCDa https://t.co/6a6dFTNgJ9,2021-01-20 03:25:51,0.0,0.0,0.0,0.0,28b9063fdce43645,857601284.0,charbeck2626,2185.0,19361.0,マリーンズ大好き✩.*˚ 今シーズンは絶対優勝✩ 無言フォローお許しください。,千葉の片田舎,1,20,3
84348,85864,2334,2289,どら焼き売り切れ (@ うさぎや 中央通り店 in 中央区 東京都) https://t.co/UiJpGkAZar https://t.co/EhCkzP04L2,2021-01-20 03:25:19,0.0,0.0,0.0,0.0,735b6f2b933efaf6,857601284.0,charbeck2626,2185.0,19361.0,マリーンズ大好き✩.*˚ 今シーズンは絶対優勝✩ 無言フォローお許しください。,千葉の片田舎,1,20,3
84349,85865,2335,2290,I'm at 雷 東京本丸店 in 千代田区 東京都 https://t.co/4Dzk0rmnq0,2021-01-20 03:24:45,0.0,0.0,0.0,0.0,28b9063fdce43645,2446117496.0,sarara_vati,747.0,60637.0,The Moon is Not Alone,Ricotta,1,20,3
84350,85866,2336,2291,I'm at 有楽町献血ルーム - @yurakucho_r in 千代田区 東京都 https://t.co/rTW9L4EaLU,2021-01-20 03:24:35,0.0,0.0,0.0,0.0,28b9063fdce43645,7497502.0,sawadhi,123.0,11291.0,COVID-19 vaccinated w/MMPP(4/4). NA8C(Sr.2 unregistered) JB64W GDH206V LA110F HA02(C90D5 immobile) and bicycles.,Tokyo,1,20,3
84351,85867,2337,2292,インディアン(大) #ジャポネ #ロメスパ #カレースパゲッティ (@ ジャポネ in 中央区 東京都) https://t.co/n6ujdDZefi https://t.co/O7liVPspPo,2021-01-20 03:24:33,0.0,0.0,6.0,0.0,735b6f2b933efaf6,107227766.0,piro2010,1827.0,57149.0,んだ！ 😓Ｂ級グルメとアイドルとスナップポートレートが好きだんし。 💜🐡 ✨ 🌙🐹乙 P.S C ミルクセーキは食べものです。🍥🍥 ※☀️💉5回接種済・・😅📷️可愛い娘⇒#ヘタスギルバーグ監督,千葉県八千代市,1,20,3
84352,85868,2338,2293,I'm at 東京駅 in 千代田区 東京都 https://t.co/BHwKuQgDvK,2021-01-20 03:24:16,0.0,0.0,0.0,0.0,28b9063fdce43645,228019907.0,kitakanto1192,2369.0,158321.0,1987年生れ、野球、千葉ロッテ、アニメ(基本日常系軽めの百合)、ゆるゆり(結あか)、ぼっちざろっく(ぼきた)、リコリスリコイル(ちさたき)、その他色々基本マイペースツイート,,1,20,3
84353,85869,2339,2294,I'm at 俺式 純 in 千代田区 東京都 https://t.co/d6ZqfTcpx5,2021-01-20 03:24:16,0.0,0.0,1.0,0.0,28b9063fdce43645,15016763.0,tosikuni,239.0,20200.0,インターネット周りのインフラエンジニア。Starbucks Coffee & HUB82 と Peugeot をこよなく愛する Apple ユーザー。「いいね」はブックマーク的にも使っています。。。あしからず。 https://t.co/YqWg2LtUWX,Tokyo Japan,1,20,3
84354,85870,2340,2295,I'm at 新丸の内ビルディング in 千代田区 東京都 https://t.co/fzTBuFsm2u,2021-01-20 03:24:10,0.0,0.0,0.0,0.0,28b9063fdce43645,2446117496.0,sarara_vati,747.0,60637.0,The Moon is Not Alone,Ricotta,1,20,3
84355,85871,2341,2296,日陰〜 (@ 東京駅丸の内駅前広場 in 千代田区 東京都) https://t.co/JtLH2uDbiV https://t.co/CldcrSzbta,2021-01-20 03:24:08,0.0,0.0,0.0,0.0,28b9063fdce43645,43494058.0,clomi9999,635.0,48501.0,I live in Tokyo.....Foursquare/Swarm/Twitter/EyeEm/Instagram/WoTCS;clomi9999,Tokyo/Japan,1,20,3
84356,85872,2342,2297,I'm at 東京駅 in 千代田区 東京都 https://t.co/XwWTqj4li6,2021-01-20 03:24:08,0.0,0.0,0.0,0.0,28b9063fdce43645,1177528826.0,tk6074,417.0,19794.0,【ステイニー】篠崎ここ👼🏻📛ʚ♡ɞ・東雲あめ・佐野もか【ワッくる】宮本あゆり🌻 【chuLa】佐藤まりん👼🏻・北野ゆか🐶 【ジューロック】村瀬めぐ・西野ふうか【タイトル未定】冨樫優花 深く広くのほぼフリークDD。パチスロとアイドル以外趣味がない奴ですが気軽にフォロー、絡んで下さい！！,茨城県,1,20,3
84357,85873,2343,2298,戦国ワンダーランド！ (@ 観光・ビジネス情報センター - @tokyocityi1 in 千代田区 東京都) https://t.co/9ZyS8qRKnl https://t.co/hawjlTrfQV,2021-01-20 03:24:06,0.0,0.0,1.0,0.0,28b9063fdce43645,43494058.0,clomi9999,635.0,48501.0,I live in Tokyo.....Foursquare/Swarm/Twitter/EyeEm/Instagram/WoTCS;clomi9999,Tokyo/Japan,1,20,3
84358,85874,2344,2299,🐻 (@ ぽすくま 巨大ぬいぐるみ in 千代田区 東京都) https://t.co/tKT3UtkLrL https://t.co/HtZOI2OWdz,2021-01-20 03:24:03,0.0,0.0,1.0,0.0,28b9063fdce43645,43494058.0,clomi9999,635.0,48501.0,I live in Tokyo.....Foursquare/Swarm/Twitter/EyeEm/Instagram/WoTCS;clomi9999,Tokyo/Japan,1,20,3
84359,85875,2345,2300,🍛 (@ インデアンカレー in 千代田区 東京都) https://t.co/vLArsxq8gf https://t.co/COtPEAlMiV,2021-01-20 03:24:01,0.0,0.0,0.0,0.0,28b9063fdce43645,43494058.0,clomi9999,635.0,48501.0,I live in Tokyo.....Foursquare/Swarm/Twitter/EyeEm/Instagram/WoTCS;clomi9999,Tokyo/Japan,1,20,3
84360,85876,2346,2301,I'm at 東京駅 in 千代田区 東京都 https://t.co/A5X7r4JfLW,2021-01-20 03:23:54,0.0,0.0,0.0,0.0,28b9063fdce43645,1143806035.0,e_yazawa1830,454.0,41343.0,E.YAZAWA/CAROL/Southern All Stars/桑田佳祐/松岡はな/ ⚽️神戸サポ 🚗Y32Cedric #はなまる隊 🧸🍎,E.YAZAWA,1,20,3
84361,85877,2347,2302,落ち着いてお仕事できるのかなぁ…？ (@ 東京ビル TOKIA in 千代田区 東京都) https://t.co/xIfTDmO6XA https://t.co/zho7d4GwMe,2021-01-20 03:23:50,0.0,0.0,0.0,0.0,28b9063fdce43645,43494058.0,clomi9999,635.0,48501.0,I live in Tokyo.....Foursquare/Swarm/Twitter/EyeEm/Instagram/WoTCS;clomi9999,Tokyo/Japan,1,20,3
84362,85878,2348,2303,I'm at 東海道新幹線 東京駅 in 千代田区 東京都 https://t.co/PaNGhx9pJB,2021-01-20 03:23:46,1.0,0.0,0.0,0.0,28b9063fdce43645,4553120119.0,erect1234,431.0,15058.0,北京ビキニのおっさん,,1,20,3
84363,85879,2349,2304,ビールを仕入れに来たよ (@ 伊勢角屋麦酒 in 中央区 東京都) https://t.co/obEwvczt8s,2021-01-20 03:23:44,0.0,0.0,3.0,0.0,735b6f2b933efaf6,55485962.0,kenzy17,469.0,22373.0,I was there when Japan beat Germany and Spain in Qatar 2022! アルペンスキー、フットボール(横浜F・マリノス、Leeds United、日本代表)、ランニング、(ゴルフ)、酒 (ビール、日本酒) - W杯参戦: 2002200620142022,Tokyo Japan,1,20,3
84364,85880,2350,2305,ふむふむ…_φ(･_･ (@ ecute 東京 - @ecute_tokyo in 千代田区 東京都) https://t.co/ZY30RcOzMW https://t.co/G5gAdqEYVo,2021-01-20 03:23:26,0.0,0.0,0.0,0.0,28b9063fdce43645,43494058.0,clomi9999,635.0,48501.0,I live in Tokyo.....Foursquare/Swarm/Twitter/EyeEm/Instagram/WoTCS;clomi9999,Tokyo/Japan,1,20,3
84365,85881,2351,2306,寝違えてるので上向き辛いっ (@ 丸の内南口 - @jreast_official in 千代田区 東京都) https://t.co/TxxmVbBsUM https://t.co/3X3NKrjmrD,2021-01-20 03:23:25,0.0,0.0,0.0,0.0,28b9063fdce43645,43494058.0,clomi9999,635.0,48501.0,I live in Tokyo.....Foursquare/Swarm/Twitter/EyeEm/Instagram/WoTCS;clomi9999,Tokyo/Japan,1,20,3
84366,85882,2352,2307,お昼 (@ 六厘舎 in 千代田区 東京都) https://t.co/d7Duecawor,2021-01-20 03:22:33,0.0,0.0,0.0,0.0,28b9063fdce43645,1282811928.0,hayarin_217,692.0,54913.0,バーレスクTS せり(@seri_blq_TS)アイドル【推し】2017.5.7~ chuLa(@chuLa_official)  2022.5.3~ シナモンブルー楠こはな(@kohana_kusunoki),愛知県名古屋市中区金山,1,20,3
84367,85883,2353,2308,I'm at 東海道新幹線 東京駅 in 千代田区 東京都 https://t.co/qZsdUFat5s,2021-01-20 03:22:19,0.0,0.0,0.0,0.0,28b9063fdce43645,1282811928.0,hayarin_217,692.0,54913.0,バーレスクTS せり(@seri_blq_TS)アイドル【推し】2017.5.7~ chuLa(@chuLa_official)  2022.5.3~ シナモンブルー楠こはな(@kohana_kusunoki),愛知県名古屋市中区金山,1,20,3
84368,85884,2354,2309,I'm at KITTE in 千代田区 東京都 https://t.co/rcDcAsY9Fk,2021-01-20 03:22:08,0.0,0.0,1.0,0.0,28b9063fdce43645,388740924.0,ikuwow,1015.0,49171.0,某企業のSREをしています。ウェッブエンジニヤもしてました。AppleとIaCとVを推すのが好きです。内省をしたりスタバに行ったりプリンちゃんを愛でたりしています。,Shinjuku🇯🇵,1,20,3
84369,85885,2355,2310,I'm at グランスタ東京 - @gransta_jp in 千代田区 東京都 https://t.co/VV3GD0wRmQ,2021-01-20 03:21:39,0.0,0.0,0.0,0.0,28b9063fdce43645,5673652.0,jtfb,2453.0,435828.0,Photographer Writer／ 児島真理奈 ( @miraiskirt_MK ミライスカート⁺ ) ※ ”テイラー”とは彼女のファンの呼称です／Mac iPhone & iPad／鉄道、クルマ、ヒコーキ、旅行／スポーツ／日本史／建築／art fashion & gourmet and more fun!,札幌(現在地) / 浦安(千葉県)・甲府は故郷,1,20,3
84370,85886,2356,2311,I'm at @Starbucks_j in 千代田区 東京都 https://t.co/MFK8kyn47r,2021-01-20 03:21:30,0.0,0.0,0.0,0.0,28b9063fdce43645,56106313.0,tsuccho,1586.0,233143.0,音ゲープレイヤー(昔BEMANIトプラン2012総合8位)。最近はPIUがメイン(筐体所有)。まどマギ・リトバス好き。位置ゲも好き(Ingress青AP287M、DQWなど)フォロー返しは気まぐれ。2022/09からトニカワ激ハマり中。,岐阜県岐阜市,1,20,3
84371,85887,2357,2312,食後にパフェたべゆ (@ 千疋屋総本店 in 千代田区 東京都) https://t.co/02dClzWmpf,2021-01-20 03:21:25,0.0,0.0,0.0,0.0,28b9063fdce43645,102612810.0,Servant_0803,1838.0,296306.0,転生オタクと天才引きこもりの飲酒革命,おぅち。,1,20,3
84372,85888,2358,2313,ランチ食べてから軽く昼飲みをする。 (@ 東京から揚げバル in 千代田区 Tōkyō) https://t.co/j7aWI2Ylei,2021-01-20 03:20:49,0.0,0.0,0.0,0.0,28b9063fdce43645,102612810.0,Servant_0803,1838.0,296306.0,転生オタクと天才引きこもりの飲酒革命,おぅち。,1,20,3
84373,85889,2359,2314,I'm at @Starbucks_j in 中央区 東京都 https://t.co/Zx4FMLsfqC,2021-01-20 03:20:19,0.0,0.0,0.0,0.0,735b6f2b933efaf6,449808126.0,kuritasan1201,480.0,79501.0,ちょっと世の中を考えちゃおうかな。小１時間、30度ぐらい斜に構えて。良識はチーム8愛溢れるえりちゃん🔥ヤッホーマン🍜ファイトなぎちゃん👼れみひゅ－に未来しかない😃ゅぃゅぃ😂まるちゃん😊君は🐑ですかいいえ🐴です、ひいまる最強🍓はるpyon🐰人の心にありますよ。,えりなすきすき倶楽部,1,20,3
84374,85890,2360,2315,I'm at KITTE in 千代田区 東京都 https://t.co/7vT4n3HFUV,2021-01-20 03:20:05,0.0,0.0,0.0,0.0,28b9063fdce43645,102612810.0,Servant_0803,1838.0,296306.0,転生オタクと天才引きこもりの飲酒革命,おぅち。,1,20,3
84375,85891,2361,2316,I'm at 東京駅 in 千代田区 東京都 https://t.co/SAzmfMYe2x,2021-01-20 03:20:04,0.0,0.0,0.0,0.0,28b9063fdce43645,102612810.0,Servant_0803,1838.0,296306.0,転生オタクと天才引きこもりの飲酒革命,おぅち。,1,20,3
84376,85892,2362,2317,I'm at 雷 東京本丸店 in 千代田区 東京都 https://t.co/NSvFRmbBla,2021-01-20 03:19:01,0.0,0.0,0.0,0.0,28b9063fdce43645,146621576.0,lemoned502,848.0,28595.0,ヲタクしてます,日本,1,20,3
84377,85893,2363,2318,すげぇなぁゆるキャン…ビッカメの館内放送までやってんのか (@ ビックカメラ 有楽町店 - @bic_yuurakuchou in 千代田区 東京都) https://t.co/IZGmpHSroW,2021-01-20 03:18:41,0.0,0.0,1.0,0.0,28b9063fdce43645,132703607.0,garias98,793.0,53627.0,気ままにつぶやくたまゆらーなので。ヤマノススメ、まちカドまぞく、お兄ちゃんはおしまい！もすきプロスピAゆるーり勢食べ歩きが好き、ラーメン好き。たまゆらは永遠。ヤマノススメは冒険。I☆YOKOHAMA　＼横浜頂戦／,YOKOHAMA,1,20,3
84378,85894,2364,2319,I'm at 東海道新幹線 東京駅 in 千代田区 東京都 https://t.co/O8qs2mlRcs,2021-01-20 03:18:14,0.0,0.0,0.0,0.0,28b9063fdce43645,75173020.0,io_oj,1764.0,239226.0,まんがタイムきららジェネリック / コンテンツツーリズム観測 ⚠アニメ実況でTL荒れます🔇🤫推奨            🙈@ia_oj  🍜https://t.co/1UakbphOX7  🐘https://t.co/gUxn51BEIo,西多摩県 南飯能市,1,20,3
84379,85895,2365,2320,I'm at 東京駅 in 千代田区 東京都 https://t.co/sGGxKNrbkB,2021-01-20 03:17:51,0.0,0.0,0.0,0.0,28b9063fdce43645,2906572122.0,tomatsusena,2482.0,120682.0,WHITE ALBUM2(かずさ派・但し優柔不断)と三角関係モノを好むコミュ障社会人。フォロー・リプライ歓迎、詳しくはツイプロ参照。＊丸戸作品＊新海作品＊秒速＊冴えカノ＊恋メト＊俺ガイル＊クズの本懐＊ガジェット＊モバイル＊キャッシュレス＊カメラ＊写真＊都市計画＊旅行＊りらせな派 サブ: @senatomatsu,御宿駅⇔ストラスブール,1,20,3
84380,85896,2366,2321,I'm at 東京駅 in 千代田区 東京都 https://t.co/HbY0QDegHs,2021-01-20 03:17:49,0.0,0.0,0.0,0.0,28b9063fdce43645,132703607.0,garias98,793.0,53627.0,気ままにつぶやくたまゆらーなので。ヤマノススメ、まちカドまぞく、お兄ちゃんはおしまい！もすきプロスピAゆるーり勢食べ歩きが好き、ラーメン好き。たまゆらは永遠。ヤマノススメは冒険。I☆YOKOHAMA　＼横浜頂戦／,YOKOHAMA,1,20,3
84381,85897,2367,2322,I'm at 東京スクエアガーデンパーキング in 中央区 東京都 https://t.co/Xa5aPolqrt,2021-01-20 03:17:42,0.0,0.0,0.0,0.0,735b6f2b933efaf6,226025535.0,kamekuma1223803,927.0,31453.0,佐藤優樹一推しのヲタク。主にモーニング娘。'22(小田さくら)をメインに中西香菜/谷本安美/伊勢鈴蘭/工藤由愛/石栗奏美の現場に現れます。北海道遠征の出現率高め。初現場は03年5月の娘SSA。娘。推し履歴:98-00市井紗耶香/00-03石川梨華/03-10亀井絵里/11-21佐藤優樹 (以上敬称略),東京の北多摩の片隅,1,20,3
84382,85898,2368,2323,I'm at 東海道新幹線 東京駅 in 千代田区 東京都 https://t.co/uAeg6ax6TP,2021-01-20 03:17:41,0.0,0.0,1.0,0.0,28b9063fdce43645,2782125008.0,mizuho_rion,893.0,65371.0,桑原→なな子→李苑→藤本冬香さんに流れついたぼぶです。おはぽん!みずぽん!がんばるぽん!,夏宮みずほ お佐藤 杉野,1,20,3
84383,85899,2369,2324,I'm at 東京駅 in 千代田区 東京都 https://t.co/hxToycUX8b,2021-01-20 03:17:19,0.0,0.0,0.0,0.0,28b9063fdce43645,545119130.0,ume_tea5150,1176.0,200255.0,UNISON SQUARE GARDEN,,1,20,3
84384,85900,2370,2325,I'm at 東京スクエアガーデンパーキング in 中央区 東京都 https://t.co/EvKdekb68H,2021-01-20 03:17:13,0.0,0.0,0.0,0.0,735b6f2b933efaf6,226025535.0,kamekuma1223803,927.0,31453.0,佐藤優樹一推しのヲタク。主にモーニング娘。'22(小田さくら)をメインに中西香菜/谷本安美/伊勢鈴蘭/工藤由愛/石栗奏美の現場に現れます。北海道遠征の出現率高め。初現場は03年5月の娘SSA。娘。推し履歴:98-00市井紗耶香/00-03石川梨華/03-10亀井絵里/11-21佐藤優樹 (以上敬称略),東京の北多摩の片隅,1,20,3
84385,85901,2371,2326,踊り子３号，09:00発，⑨4C (@ 9-10番線ホーム in 千代田区 東京都) https://t.co/GvfZWoB71T https://t.co/knjMBhbGN5,2021-01-20 03:16:43,0.0,0.0,0.0,0.0,28b9063fdce43645,19765998.0,laboulaye,378.0,85132.0,#anime #aniradi #声優，IT関連，#golf #military #railway(not海外)，#グルメ (not酒類)，洋菓子，#event，#吹奏楽 #不動産 のリツイートが主です。SNS疲れのため，twitterの活動縮小中に付き，フォロー返しは控えています。,神奈川県県央,1,20,3
84386,85902,2372,2327,I'm at 東京駅 in 千代田区 東京都 https://t.co/cutjihe26S,2021-01-20 03:16:29,0.0,0.0,0.0,0.0,28b9063fdce43645,2252329446.0,grstchan,135.0,43920.0,やりたいことに妥協しない2023,,1,20,3
84387,85903,2373,2328,I'm at 1-2番線ホーム in 千代田区 東京都 https://t.co/uDLRttppvH,2021-01-20 03:16:28,0.0,0.0,0.0,0.0,28b9063fdce43645,19765998.0,laboulaye,378.0,85132.0,#anime #aniradi #声優，IT関連，#golf #military #railway(not海外)，#グルメ (not酒類)，洋菓子，#event，#吹奏楽 #不動産 のリツイートが主です。SNS疲れのため，twitterの活動縮小中に付き，フォロー返しは控えています。,神奈川県県央,1,20,3
84388,85904,2374,2329,I'm at 日本橋駅 in 中央区 東京都 https://t.co/tMFcQVrT68,2021-01-20 03:16:28,0.0,0.0,0.0,0.0,735b6f2b933efaf6,536124258.0,kujo_K12,2193.0,341770.0,多趣味な人 フォローはお気軽に！詳しくは→https://t.co/V9RXM5nnpS🌈👑💧🎙🌈Audi A1 DBA-8XCAX(H25),埼玉県 茨城県 東京都,1,20,3
84389,85905,2375,2330,I'm at 東京駅 in 千代田区 東京都 https://t.co/xjGkyQqSq1,2021-01-20 03:15:12,0.0,0.0,0.0,0.0,28b9063fdce43645,113559671.0,takabon0506,622.0,162006.0,のほほんとした日々のつぶやき。SKE48大好き♪ 佐藤実絵子・竹内彩姫いつまでも大切な推し✨ 栄6期推し☆ 最近あなんちゃん始めました〜！ みーなん・10期も☺️ #SKEヲタスイーツ部 #SKEヲタモンスト部,名古屋〜静岡〜横浜～川崎～東京～秋葉原。,1,20,3
84390,85906,2376,2331,I'm at 東京駅 in 千代田区 東京都 https://t.co/cWYLa1iVCe,2021-01-20 03:03:46,0.0,0.0,3.0,0.0,28b9063fdce43645,577776708.0,endou1231,290.0,53462.0,鈴木このみ ロッテ(TEAM26★18) fhána ClariS 七森中☆ごらく部 てさ部 ZONE(長瀬実夕) 焼肉食べたい ヘブバン 石垣島#このまにあ * #ふぁなみりー * #chibalotte※プロフ画像はfhánaのkevin画伯作,チーバくんの喉元,1,20,3
84391,85907,2377,2332,I'm at 東海道新幹線 東京駅 in 千代田区 東京都 https://t.co/myL1bygyJM,2021-01-20 03:03:36,0.0,0.0,0.0,0.0,28b9063fdce43645,231335521.0,HORINORU3,1176.0,306395.0,宮崎由加さんめっちゃ贔屓！ハロプロ(Juice=Juiceめっちゃ贔屓)・Ｐｅｒｆｕｍｅ・渡辺美里　乗り物全般・競馬（中央・地方）が好きな人。アイコンは宮崎由加さんに書いて頂いた私です。,東京の路面電車が走っている街,1,20,3
